filename,class
U7_jpg.rf.0037faea78f8a89329a93006132921b3.jpg,U
P12_jpg.rf.0046c1c30abbbccd31716c5b2ad835b9.jpg,P
K4_jpg.rf.00821732715c9137b8060360770ea1d8.jpg,K
W6_jpg.rf.00d19bc3a49f6469e2afa3aa92f14ff4.jpg,W
J30_jpg.rf.00d20e595026b31773ded47509545471.jpg,J
M27_jpg.rf.010d328cdc61a634aec1540863be23b9.jpg,M
N23_jpg.rf.01428a442131e7dcbdb4453df83877e0.jpg,N
X13_jpg.rf.015a5271f775ab06dd3af7cb59264404.jpg,X
S28_jpg.rf.015ec81f1c531610f515d4135ae7a335.jpg,S
D23_jpg.rf.0180ca2b1fbc4ac99d39ff957e9666ea.jpg,D
D6_jpg.rf.01867634b70d3f9ea5adbb09d9643830.jpg,D
Z15_jpg.rf.01dae2ff4bb13d57fb3555e92eeb4778.jpg,Z
F28_jpg.rf.01de9888a0d78bebc1fbb6b841fdef6e.jpg,F
O1_jpg.rf.01eb8369467a4e02535411288eef34f7.jpg,O
J2_jpg.rf.01f65b3db913fe28c20d99cf89124c9f.jpg,J
T6_jpg.rf.02bb707b9ac0fb76c97517ccf4f47ab4.jpg,T
J34_jpg.rf.0263901188a9de96c9bca11274a772ab.jpg,J
E21_jpg.rf.02bd3a1ec0e99694816e883b8de32942.jpg,E
H10_jpg.rf.02fd419c4bf7c570ee19d8813124842d.jpg,H
S25_jpg.rf.02bfc4e839ba3b795c16dc1a21f958dc.jpg,S
T22_jpg.rf.02e1fc73db34427a44a8888dc77003c6.jpg,T
W10_jpg.rf.031532ad7d9f4f1dd1636c2497ba7b40.jpg,W
H28_jpg.rf.03600eb345a61fbd4c2af1f068f8be57.jpg,H
C2_jpg.rf.03a70718529b1e03561c20c91c2ce616.jpg,C
I10_jpg.rf.031d497a63d112e07bdbe603fe3d1c1a.jpg,I
E15_jpg.rf.0424ab069f07383610fa481f78102605.jpg,E
T10_jpg.rf.03c9848b08c3ed3a90ab61ab89989920.jpg,T
D18_jpg.rf.0453a37b304e0dd33a3bd6eaebc34e42.jpg,D
L23_jpg.rf.0418069709eebdee55bc946fa4080bc1.jpg,L
P5_jpg.rf.046a96e022a22cdaf46af39f9b5ddcee.jpg,P
T19_jpg.rf.050433a13afd1405f4c96062585d84d3.jpg,T
F26_jpg.rf.04b690cb8e2f6349e6e2091dc246230b.jpg,F
C6_jpg.rf.05217144d8c28d1ff7f060bf3210ed2d.jpg,C
O9_jpg.rf.055425e3503991ffaf8f801a61986924.jpg,O
L13_jpg.rf.05678eea40bbd755e5a00a3f13fe7a6b.jpg,L
T6_jpg.rf.057836f5c842cf3781bf2bf3183ea5fc.jpg,T
X22_jpg.rf.05732e3e92b7d7abbba7c3eb54b022b8.jpg,X
L6_jpg.rf.05806c4c18c8f9b2906f34ac24c81b42.jpg,L
P21_jpg.rf.05b6ba0dcac40daddf8d8f206c85e20f.jpg,P
B7_jpg.rf.0616aa49d62abc241f6c54b00bcbd9f7.jpg,B
I4_jpg.rf.062ccd81c673900bff7ea0de9a398daa.jpg,I
D16_jpg.rf.06a330daa452111410a8420e21ae1657.jpg,D
E22_jpg.rf.06b172de18720018813b70f96e127dfa.jpg,E
S26_jpg.rf.06beeb7d442a1a2fd82c42b68ce5f277.jpg,S
W12_jpg.rf.06c9bdac7028db273c39d69e1fa89531.jpg,W
Q19_jpg.rf.06cebf7b976387ce82ab489130cec519.jpg,Q
J18_jpg.rf.06e1abf3eae85a7bb86f4bfb7322d055.jpg,J
Z24_jpg.rf.07aefac43745876d1f4e260afc706b3e.jpg,Z
N12_jpg.rf.07b2230fdf996de3c8428f58a8d22a3e.jpg,N
F12_jpg.rf.086aa13ff5236066ec979fbb5b90e0a5.jpg,F
T20_jpg.rf.0812ead96147e8fa4ba6470912a81874.jpg,T
F7_jpg.rf.09c9ccc1226c5afeb66e2243ad08abc1.jpg,F
E14_jpg.rf.099b7c532a31aed9e59b72301ea13303.jpg,E
V24_jpg.rf.09cf35cd5d3b68da6f3dcc34bccb298c.jpg,V
G10_jpg.rf.09d37c9b35d2d18288601e9af1b0c6aa.jpg,G
V20_jpg.rf.0a17a5441685a6b0624935542526846b.jpg,V
S25_jpg.rf.09d0d2f747a7b9141a846f0c83dc4883.jpg,S
V18_jpg.rf.0a1f6c6de13a46327284a44ca57dd0e7.jpg,V
J22_jpg.rf.0a2a945c3728602d25182355cfad1cd6.jpg,J
J20_jpg.rf.0a223d52fa082ab48c2bdf23aad0ff4d.jpg,J
T21_jpg.rf.0a29c60282700d02b816c6abad01e527.jpg,T
C12_jpg.rf.0afac9aaffd201400a334cbbf38a518a.jpg,C
Y14_jpg.rf.0b16d04af40a4ed25e305d03692f4f05.jpg,Y
Y6_jpg.rf.0b311cacca85c70b2e58d387a50b8788.jpg,Y
V8_jpg.rf.0b600ef127e6e4b6569dbbb8123ad3a8.jpg,V
J21_jpg.rf.0c71cb8778aaf14f83d639c92d8c9c11.jpg,J
A27_jpg.rf.0c350b038342fd2b593f7cc88589e4bf.jpg,A
A24_jpg.rf.0c548e55630ab5b3682e8267ad1daba2.jpg,A
N21_jpg.rf.0ce2674890bec944af10484666907f3a.jpg,N
O23_jpg.rf.0d113740e458f322420dfb75d5dede48.jpg,O
E22_jpg.rf.0d35c68e32b19d9a549399ba02f34469.jpg,E
G29_jpg.rf.0d1ebc2b56c839d26c50c9cfa27f95af.jpg,G
Y16_jpg.rf.0d5c938b766f9ae674a35d9c7c296d54.jpg,Y
C13_jpg.rf.0d4790015527485bc617b20b127a9044.jpg,C
V6_jpg.rf.0d70a9822003b3d1c9c7eae309a99f70.jpg,V
L18_jpg.rf.0d823185815d28fad4f2572f392482c3.jpg,L
U0_jpg.rf.0d819884eca983ec349a1c0985a0c8b8.jpg,U
Y11_jpg.rf.0d8bfe757d18e06519822aac82c4b755.jpg,Y
T15_jpg.rf.0d977919477c9d5c4da3856cf9cc849c.jpg,T
Z24_jpg.rf.0defec3939772e6e585c757e2d83cbcb.jpg,Z
B2_jpg.rf.0df296fe9e10529c01484b12c6575458.jpg,B
I5_jpg.rf.0df75ef36732423de39cd0066501a596.jpg,I
D11_jpg.rf.0e1fe6f1474bb8372d381b458576bece.jpg,D
N24_jpg.rf.0e240f7a8c43532a802e97e76fa1ad8b.jpg,N
O7_jpg.rf.0eaee8009ec2d93d7381f32044ff1194.jpg,O
T23_jpg.rf.0f0cfab388c8caa6d1d60d56a19e4191.jpg,T
Z25_jpg.rf.0f660f6c46cfdf0ac387b7925612b5fb.jpg,Z
O18_jpg.rf.0ef5218f1ffe8238ef5e89a64313bc4f.jpg,O
R22_jpg.rf.0e5e7eb817a828a880b068496d4382e8.jpg,R
A18_jpg.rf.0f95cca1e829561f56abd4409ca20370.jpg,A
D8_jpg.rf.0fd7ece4e33af067b8ff64cf9b8c07ca.jpg,D
K18_jpg.rf.1031d048282a1171d305bcccdae086cc.jpg,K
S9_jpg.rf.1081df1f92818e03c4c10d34860c4c24.jpg,S
H4_jpg.rf.1090c3e2c1edc37d7b2ecd5b9eb6f06e.jpg,H
S15_jpg.rf.10ffedc6bc40428d27640dae05f419ab.jpg,S
E5_jpg.rf.111a1b031fe5df1b3fb24f23019a55b7.jpg,E
O26_jpg.rf.1108b61327599ed4ae57a0e3f9638bdb.jpg,O
R4_jpg.rf.11c318efe06da496ef1f0aecc801efe5.jpg,R
A5_jpg.rf.11920540d5a68fdeed4b584fb24cd063.jpg,A
M18_jpg.rf.129826d37d00c7e46376752d8649edaa.jpg,M
D5_jpg.rf.120762cfe888b11fd68ca6e0de2739a7.jpg,D
M13_jpg.rf.129d6cdd44f46213e760274b71a7035e.jpg,M
G29_jpg.rf.12ae1e591ad1423f2b184e3ec3c6c7b3.jpg,G
I12_jpg.rf.12ae9b70a48e552fe1c108efbfed59fa.jpg,I
W15_jpg.rf.12b50d1527e1a50debd5df1f5982ced0.jpg,W
F28_jpg.rf.12d1870b462239f7d1f87630418e3f06.jpg,F
K25_jpg.rf.132166e150d2509b3134d70b93a4b8d1.jpg,K
L15_jpg.rf.13a2da2d1d47bddfa534c26ac89b3caa.jpg,L
Q5_jpg.rf.133ce97542d60c224a802c17ccf189ef.jpg,Q
R19_jpg.rf.13a69f772b8c4a24d8734a95b40366cc.jpg,R
I3_jpg.rf.13d13da81962b86db3705de1b79f984a.jpg,I
V8_jpg.rf.13a92e73a072998c0ca9494cc74fc1de.jpg,V
N13_jpg.rf.13c8d7c9fa997fd79a3a1ed4392b079a.jpg,N
D23_jpg.rf.140903c8c5f194371c7424003505399c.jpg,D
Z20_jpg.rf.1467ba7953ab97618b21145b3b2a64e3.jpg,Z
S17_jpg.rf.145203481479c369b4d6e3cac9099ffa.jpg,S
P10_jpg.rf.14ca35ae7502f010c44b1951745b8ae6.jpg,P
I11_jpg.rf.15287860f4e8a699384284c2b39a6584.jpg,I
E9_jpg.rf.15357b0c33510b84dc822870ed1275a3.jpg,E
J36_jpg.rf.152d4c97591be177e8e079318443353f.jpg,J
C7_jpg.rf.153d4f0a86e41d21494e749ec943ff30.jpg,C
I25_jpg.rf.15abc44d286afed0111817fdad8e2881.jpg,I
P15_jpg.rf.159a541ad56feffc9391156c5520088f.jpg,P
L16_jpg.rf.15ecddb8d30f840c07b2c1bf16649857.jpg,L
G27_jpg.rf.15efbdf665e48ddb06113e3dd4aeefe1.jpg,G
C21_jpg.rf.162ffff1083e8fae45254bb9249bfcbf.jpg,C
L2_jpg.rf.16da50ef8d9eef2c611941967b78a451.jpg,L
I16_jpg.rf.16c9c8875d3709bdb762d85eeda10636.jpg,I
L16_jpg.rf.16f4d2af0f09a824d69c17d5a4a00325.jpg,L
W12_jpg.rf.16f29bc421221e4f2c02c3faa5863d3c.jpg,W
Q4_jpg.rf.16f4e350c0cbfa1238a5a74dfa212e7b.jpg,Q
Y3_jpg.rf.1765e0d5bba76bdd3dae44666e1c214a.jpg,Y
Z0_jpg.rf.175f325d6ed400b486b3b60a374a8477.jpg,Z
K2_jpg.rf.17dba52b3990a4256016a9eb98cc6566.jpg,K
E20_jpg.rf.17cd74f7da2ebe2651533a7c29bf40e9.jpg,E
N0_jpg.rf.180e4b19d6df6fc5e3e7d86dbe1ddc51.jpg,N
W4_jpg.rf.17f140aa6d52da488b75601911d650a0.jpg,W
Y18_jpg.rf.1895434cacd913e7fa4929e3c64afb53.jpg,Y
V17_jpg.rf.18801d8e6ad486e7e038a1565ebf1736.jpg,V
J30_jpg.rf.1830920374b6aec82ee84443edda5734.jpg,J
V4_jpg.rf.18cdecbaa29fef28b7cb519e11e9fd84.jpg,V
E20_jpg.rf.18f9c75a3a3244f17baa72a083b7b604.jpg,E
L9_jpg.rf.18fb3c7dce9d787bca991b1a76776261.jpg,L
Q12_jpg.rf.195c56598e517fd7419f41e1dd50f630.jpg,Q
W17_jpg.rf.1975003e49350c2dca16bfcc3dc2c342.jpg,W
A23_jpg.rf.199528cc21bad70f9424a2cfb92d3207.jpg,A
V4_jpg.rf.1975ced8246afc56ca0b20a1d70e2d6d.jpg,V
D13_jpg.rf.1a3dc1b3ba32f5a799de3f43ad095547.jpg,D
D19_jpg.rf.199140d37ba69d88a7e923bb895fcd4b.jpg,D
T20_jpg.rf.1a83ce62951b44181696195e1421ae9b.jpg,T
U14_jpg.rf.1a8882998b37b6b8fcc46b6683e1f66e.jpg,U
X18_jpg.rf.1a8c41e8efd4d9fb973a02374e9ba279.jpg,X
L0_jpg.rf.1ab48686ce6dc960e0c2eb596cb0e589.jpg,L
H17_jpg.rf.1baace1a86461a7849d54050d41b980e.jpg,H
Z6_jpg.rf.1bb2adfb8cfa7d70187286406fcd9852.jpg,Z
O15_jpg.rf.1c5a31d1b029c0c38833e9c961378e5f.jpg,O
G8_jpg.rf.1c5dfe424c343ada7600387526c29ca1.jpg,G
C2_jpg.rf.1cd7aca8a93b74b211c9fbcb18b96519.jpg,C
T3_jpg.rf.1d01912a9c4bd4e068c4e379f11c03a9.jpg,T
M16_jpg.rf.1d5582262ceec69d6a45ac3197842420.jpg,M
A17_jpg.rf.1d8db324964e2d09835b90e5ae59b179.jpg,A
D3_jpg.rf.1d937c0e64141083b4b634f3b9a7eea9.jpg,D
P14_jpg.rf.1dc01fbdf79f9ddbdf94146a8313a452.jpg,P
W2_jpg.rf.1dc97a95e879879b319ae82d95766ea2.jpg,W
R3_jpg.rf.1dfe76b0988c13fc7c8cc19bd87ac667.jpg,R
H10_jpg.rf.1dfa83e4fb441b6e63a1479f00cc2ada.jpg,H
N10_jpg.rf.1e1d01dfd5fb83b817aa27f717ffef77.jpg,N
R4_jpg.rf.1e39e76f2b8933561c30caebc8b12fab.jpg,R
W12_jpg.rf.1e4f0a372c9e8fd0fc6de021539af12e.jpg,W
L15_jpg.rf.1e825d1bdfe88d7122179bc79e358eb1.jpg,L
M4_jpg.rf.1e94cac19b236e16f867f4292775a7a3.jpg,M
J35_jpg.rf.1ed39e38a0ee03a335348b9103c6121e.jpg,J
A25_jpg.rf.1ee291da526c10ede77cf69d4cd2c231.jpg,A
Z19_jpg.rf.1ef6efbd8ee8867d44b3cb300cfded3f.jpg,Z
C18_jpg.rf.1f4779c94ba51a17eb060430bfdefe84.jpg,C
W21_jpg.rf.1f44eeeee36fee8197435b1a93acbb73.jpg,W
D11_jpg.rf.1f53ba2b436994ad36b120c820921bdc.jpg,D
I20_jpg.rf.1f767dcc423ec7719b9e0e90f7ad3e42.jpg,I
K16_jpg.rf.1fa3778fbb42bbcbcd79c5aa6f301c81.jpg,K
J35_jpg.rf.1fc609cff6e57371109b7dd08186c23d.jpg,J
M13_jpg.rf.1fa25f00496dd516c39840a417137f60.jpg,M
A26_jpg.rf.1fc964f5ed03b450b754a5427b66ecce.jpg,A
S23_jpg.rf.201127639209565a23c897e6eb6a998b.jpg,S
G15_jpg.rf.1fdc3b53e6e18e7daceaaf0f134a8f2d.jpg,G
J18_jpg.rf.201af44ab450a6ba36f92c10a3ce36a2.jpg,J
F22_jpg.rf.203feff812b6af7fb2f3c76ec919416d.jpg,F
C20_jpg.rf.205170f82acd823e1977ac5fa1102737.jpg,C
L10_jpg.rf.2086b2f8eed495c4c134f64ed980a290.jpg,L
T22_jpg.rf.205c80aa55302bd71fe1c0ac89833f07.jpg,T
W15_jpg.rf.20b4e1c09feff66baa17250e1d3bdc82.jpg,W
G16_jpg.rf.20bbfcc529e2547722dfaf6913421a1c.jpg,G
V9_jpg.rf.20b7f97dac844ea8738f9f488ec4e25a.jpg,V
Q0_jpg.rf.20d6987cbda94530e2817f1e11ee6f74.jpg,Q
C10_jpg.rf.20f3f451bdf05f7e5f606e69e90ca19e.jpg,C
S11_jpg.rf.2109f5802e1544c773f2849d7d5acf7a.jpg,S
E10_jpg.rf.210b2fb96ddccadc6ccfa75a7b66b4a2.jpg,E
O23_jpg.rf.210f1aaa191497f03d00676460842a64.jpg,O
E17_jpg.rf.2141c09792f184b420512093b737496a.jpg,E
Q21_jpg.rf.2122e8c1b9581342635d4aa7d0ec4799.jpg,Q
H22_jpg.rf.2163ca101bfb1359678f68d144f52cae.jpg,H
I0_jpg.rf.21bbe6c53fdee3de18552752ab116502.jpg,I
I4_jpg.rf.228ced783f921fdbbd7d491752b4fdf2.jpg,I
P13_jpg.rf.21e34a0348f90689c6c49746ff91336c.jpg,P
P6_jpg.rf.22a89cc3ab41c1980a5b9a92398d799b.jpg,P
O6_jpg.rf.22dbe941aaf50be0bab0feb763fa1344.jpg,O
I5_jpg.rf.22dd90990e4bbe2a01731f2ceed03d0e.jpg,I
T5_jpg.rf.235e00d1b43d411056c8b6b723d0cc8b.jpg,T
U13_jpg.rf.22fadc75bccc7d4a8aae826d6d8a83dd.jpg,U
F16_jpg.rf.236fc2c0aae5d6287474e26b4278d9d3.jpg,F
U22_jpg.rf.23b0f88fbc9d62876bd891370285253d.jpg,U
S21_jpg.rf.23bd506ca957f7b9e14dc9a9aacb953c.jpg,S
O27_jpg.rf.23cd5788be9d6c160dfbd00b44e89cfe.jpg,O
U16_jpg.rf.2445444f56d04f5268155d271bea301a.jpg,U
X5_jpg.rf.23fa082fad08c6660bf2d2852954a723.jpg,X
H12_jpg.rf.23a256df86644a4451a2c1d4ca56002d.jpg,H
O9_jpg.rf.24b9e4a13ab9b2daf02722e60c6adc58.jpg,O
C16_jpg.rf.24a70472f7f95f05c947926af1f92427.jpg,C
X11_jpg.rf.24c39eda049a60a81ea1b483feb25c7c.jpg,X
Z8_jpg.rf.2568ebce12fca75ea01fdba52145402f.jpg,Z
P22_jpg.rf.258b8bb07325ba9658a42dc1a58a0c54.jpg,P
Q21_jpg.rf.256b0a53ddc72bcf4cf825ced2bdcf44.jpg,Q
Z26_jpg.rf.259ff45a4422de7a713213187a672883.jpg,Z
G19_jpg.rf.25d4889a31164b3494f515798ea33f3e.jpg,G
Q16_jpg.rf.25db6c9097b7706463db61747264488f.jpg,Q
A21_jpg.rf.25989adc250642785d76ad99c56867a8.jpg,A
Y4_jpg.rf.26c328b536ab67549fff202d6c8b57ac.jpg,Y
O5_jpg.rf.26378e1bbd33324ca6798e57eb7451a8.jpg,O
S18_jpg.rf.26fae01896d770e3e5f3ec2eeeefb035.jpg,S
L4_jpg.rf.26fe4ec6ee5b2a7f18a40972f3ca0cf2.jpg,L
Q24_jpg.rf.27036337a85fbfe7eb30e1b7e75953ce.jpg,Q
O6_jpg.rf.2706b558e6b555a698dcc7c175f7b53c.jpg,O
E0_jpg.rf.2754d7217376d1e9cf151758879180f8.jpg,E
D22_jpg.rf.2713c3dcf25bc42a47fc94f8b348c215.jpg,D
J11_jpg.rf.2757f232e691dd82be0c0b8a6f8fb9fa.jpg,J
N23_jpg.rf.276b21f6b1dc28644f2daeb05a56198b.jpg,N
V23_jpg.rf.279b03422f2622fbfae5c28d973abb0a.jpg,V
P0_jpg.rf.2780733313276a8a313ca86fbb89db4e.jpg,P
L4_jpg.rf.27d10f4c9a216e757bface0540f1d998.jpg,L
D23_jpg.rf.27b0f27ac69ac1a2f0f72578d1c60bc7.jpg,D
U17_jpg.rf.27ec0390a94f6b8517bd0757bf09761d.jpg,U
T5_jpg.rf.27e7b3b0325343fcf5dfc41430a7cc20.jpg,T
W4_jpg.rf.27f188bfcc161a9bfb8d9e497ec708e1.jpg,W
V1_jpg.rf.281cc4bf3c98b5af94727d4b55f3ab25.jpg,V
C4_jpg.rf.282bb2916760b438bbb9b4802ca6d51c.jpg,C
Q3_jpg.rf.27f364cf93f8a66e0f5b509cd1dbb1ae.jpg,Q
D16_jpg.rf.28428f3a63f878279c5cfd6cb030ce37.jpg,D
N24_jpg.rf.288d32f81bd2ac5ae72b996e63f5590a.jpg,N
R9_jpg.rf.2910775cee2e06ac1c54f826e5f75add.jpg,R
V16_jpg.rf.2885c17c3b1617053a09501090dbb45e.jpg,V
A0_jpg.rf.292a080422ba984985192f413101af41.jpg,A
V20_jpg.rf.291705cde3583fa1336ed5505936c663.jpg,V
Q6_jpg.rf.2990cf0353bee3233551a85b199b2aa4.jpg,Q
K2_jpg.rf.293e6f972bf9ad34f687d8d97a545ec9.jpg,K
V15_jpg.rf.29a167f2f0b250c923bf4d3748b1691d.jpg,V
G13_jpg.rf.2a5523617be9cbc99ee347a78b160cb4.jpg,G
H20_jpg.rf.2a387c4b793702418b600c8e3b4370c4.jpg,H
K17_jpg.rf.29c857c32684e8096d77de2260a071b2.jpg,K
U7_jpg.rf.2abf77c1a2f2e49cbceff5a3880470f7.jpg,U
N8_jpg.rf.2af37147b97d513636abfa807c617864.jpg,N
H11_jpg.rf.2ad995e8992c5bb20f26b49b384c9dfc.jpg,H
N17_jpg.rf.2ae0cad9995923d2a5e732cd45b88a7a.jpg,N
S14_jpg.rf.2b2f15ec8208d5b596764271ebc6fac6.jpg,S
U11_jpg.rf.2b6d6081a62c1243369c5bb8a3b145c5.jpg,U
L12_jpg.rf.2b89d0a30826c4f162b184d7cefc6829.jpg,L
N7_jpg.rf.2b30106404da5acfd47032fdd390fdd0.jpg,N
G2_jpg.rf.2bb4d04364c5e9af4fb6469ed97140e4.jpg,G
Q18_jpg.rf.2bc471b2f0b6bb8e693f918ed7e5de72.jpg,Q
J37_jpg.rf.2bc8910528e862ba4d9d6d9587ce4914.jpg,J
X17_jpg.rf.2cd75bf770afb6d9f0866ab3de70b333.jpg,X
M22_jpg.rf.2cf0b07c63b1ef20e78df60f6a7b067f.jpg,M
E3_jpg.rf.2d1c20e9ad51d82bc146b2638c62d694.jpg,E
G24_jpg.rf.2d7da0e518e9ec97adc32cb5324d3b5a.jpg,G
Z8_jpg.rf.2d9d5a30a4d9248bc91940c7c0fca4ef.jpg,Z
G10_jpg.rf.2ddc37c5b69f1b2fed57e5bb4d24a76d.jpg,G
S28_jpg.rf.2dcf598761ec42989392fc8bf34d7dad.jpg,S
U16_jpg.rf.2df4b769fdadf2222247b5b6507013b7.jpg,U
S15_jpg.rf.2df0e77b22859f563d942c137c3425b8.jpg,S
M23_jpg.rf.2e9dcb0d37abe04cf9f23fe2ee9b2217.jpg,M
D22_jpg.rf.2ec95d01cf28769cc931499e20a1e947.jpg,D
P21_jpg.rf.2f03494f57e3a11e365494e9e2bfbbf5.jpg,P
G19_jpg.rf.2eb8c3a2a40db346a865d9176d5e85d9.jpg,G
N21_jpg.rf.2f2b683c4b9ca5fa2ed3ab67c220c407.jpg,N
S9_jpg.rf.2f8f58716b3ec8ff40d81f06bccc9b41.jpg,S
K15_jpg.rf.2f6c96e13c958989d68f37166811f556.jpg,K
X1_jpg.rf.2f5945cb8fc34dfe7291f978713425c8.jpg,X
Y24_jpg.rf.2fc348b87e7f265e285ccf133587287b.jpg,Y
L15_jpg.rf.30a926e11a9d57d1e1ecdbc45103a4f2.jpg,L
R10_jpg.rf.3104d68ab7dbb2fc602a330051b54f5c.jpg,R
G14_jpg.rf.2ffcf532fd38f708a7120fee5dd790f6.jpg,G
D6_jpg.rf.310928f6aff2a1759ea1f35fe4e23829.jpg,D
L22_jpg.rf.312f5a5d43310b114155a05de49cd369.jpg,L
K26_jpg.rf.311c9f6afc5c1f34b2edced42d532e5e.jpg,K
F2_jpg.rf.3195e385b2d7b76bdf43f3cfb991fcca.jpg,F
G14_jpg.rf.31b6b422b2e73367f2d4faf5f25ea235.jpg,G
S24_jpg.rf.31da2525e9bbb5925bc84dd5c33db55e.jpg,S
W0_jpg.rf.321e159ee0a16a055a567993d50722bb.jpg,W
D3_jpg.rf.321ad8bad5a67b3e9a026bde0a51f3cf.jpg,D
N19_jpg.rf.323481105ccbc19f972588550729931e.jpg,N
D9_jpg.rf.3250856285c1a522ba86b3135b5dd6bc.jpg,D
I21_jpg.rf.328043e6a4cb647415a0d701e169bcab.jpg,I
T7_jpg.rf.3273d36d776a1f2acbd2475bcd72c564.jpg,T
Y1_jpg.rf.3291c526239fe499e71074ac7b608064.jpg,Y
H8_jpg.rf.32c990f95933e9fadc758fab16dd9652.jpg,H
S10_jpg.rf.32f769670a7251b82f5b8187a8274414.jpg,S
S11_jpg.rf.32acbe34c48eef8becffe27ff157f8c9.jpg,S
V26_jpg.rf.33197408e4f957f8bf2918b6ab9e5785.jpg,V
W9_jpg.rf.3354f7513a82092c7fc119d398ce205a.jpg,W
L3_jpg.rf.334868fc379e7e393fc06c3abcc8a86f.jpg,L
J17_jpg.rf.33b53f00f2a409ae181820e821ec0c99.jpg,J
R7_jpg.rf.34371b1e19708906fc3eea222974199d.jpg,R
B4_jpg.rf.340e2abfd4dec3e8b7833183326edb6e.jpg,B
F18_jpg.rf.33f3170d173a45d53020b5ec05f14177.jpg,F
F24_jpg.rf.34619c0aba15b011b6da4db4f6b99b2f.jpg,F
G1_jpg.rf.34e80fdfa0b2e1bf7f225d99c2b92029.jpg,G
L12_jpg.rf.34dafed010cca8b7e44c68bfb3565eee.jpg,L
R24_jpg.rf.34c0881c64093c0bee55f3cb196432aa.jpg,R
W1_jpg.rf.34eb56825318b1dbbe657280dafbdd11.jpg,W
C11_jpg.rf.34fb9796ca851b3ee71f5192d7282bc3.jpg,C
I21_jpg.rf.35280a1897b5390adfd5559e7100668e.jpg,I
Z17_jpg.rf.3566bf3ec99ced310d9ae61e1193b4cd.jpg,Z
J37_jpg.rf.35f55f1d34f5a23d72ca9ed40b1017d8.jpg,J
H24_jpg.rf.365026af59e4a379bdc21ebf4053dcb8.jpg,H
P21_jpg.rf.35fa0cf3644b08c3d77646ae4efcac5f.jpg,P
A15_jpg.rf.3654aa7d6bfc342c9ad99f500fd2aaf9.jpg,A
D21_jpg.rf.36bbb4bd98a5d22d51fa73171a78a56e.jpg,D
E11_jpg.rf.36d9fe2054ede595e2900c038368c6a9.jpg,E
I2_jpg.rf.373a087d55da938d9af4b1e7f9e496d3.jpg,I
R14_jpg.rf.377a4ada331d1cde46c85c20c2e1c666.jpg,R
S14_jpg.rf.37a7c8deb4442739e207c7b0d9b7c330.jpg,S
H2_jpg.rf.38670f1a9c2ae2036f3c80321491573c.jpg,H
A6_jpg.rf.37c4f4c6b45868e088a8ac2bc517952a.jpg,A
J20_jpg.rf.38479eca7c67ff9cd7930c7b103f6701.jpg,J
P19_jpg.rf.38628e1b6f02c0eaf1c7b29e042ce7d1.jpg,P
K7_jpg.rf.390eec4dd3547ab21bf095c43c6bc63f.jpg,K
X19_jpg.rf.39638b27f1b0cea46dfac471cadab50d.jpg,X
Q18_jpg.rf.38cf1d50ecb618d4edd52cae1514c242.jpg,Q
Y12_jpg.rf.38fe9e5980a2feab18e7aba1f019ee5c.jpg,Y
X7_jpg.rf.396a799d9e21c4fe1477d646dccdb4e3.jpg,X
Z0_jpg.rf.3a019ac06f74cb1935de466f8c861403.jpg,Z
U22_jpg.rf.39fad8c864b033c16fc603832210f558.jpg,U
C0_jpg.rf.3a02e62f278a8a5df84948f70bbe7869.jpg,C
K16_jpg.rf.3a0bead42b023526f5b53ddef20a7a3b.jpg,K
E8_jpg.rf.3a37a15d81bddd0e01b36294b3a51016.jpg,E
F1_jpg.rf.3a7320cc94f5c1c0635c025044208abf.jpg,F
A2_jpg.rf.3aadc5ebc1dc85f9cf01c034e89e427e.jpg,A
F21_jpg.rf.3ab7682cd06b3dd8352daf732006b86c.jpg,F
P3_jpg.rf.3afc126bea6d81c266ff1b44e4140c0d.jpg,P
X10_jpg.rf.3b7703995c843a90f795c9be98cf8c31.jpg,X
L20_jpg.rf.3b6c700ee2bb2b8f8ede77ec7ca769f4.jpg,L
B18_jpg.rf.3bcb3d00d3926a2486cbc51c5c42c0c1.jpg,B
B20_jpg.rf.3c4ca5b3504725a29e48f74c7b3b92d6.jpg,B
J18_jpg.rf.3c43fb7b7a2491098af538b44f7513b5.jpg,J
Z26_jpg.rf.3c87af0145dabb4105f09c8715829d3f.jpg,Z
N19_jpg.rf.3cb994dcc8167de968fd41655a85a72b.jpg,N
E23_jpg.rf.3d39a3ef37b87db044db05ad192afa77.jpg,E
X1_jpg.rf.3cccdc1794022c52d9d647df08942bcd.jpg,X
I20_jpg.rf.3cfb476851528323ae997257eadcd806.jpg,I
X8_jpg.rf.3d850cd69fadca04c34ea0d6e21bd0d1.jpg,X
A1_jpg.rf.3df907205b348d5975bf8db94ec8c092.jpg,A
X11_jpg.rf.3e4a5ef511b90f3c1ba6479302df1406.jpg,X
R9_jpg.rf.3e82bd75477219f4029463bb7b768829.jpg,R
N10_jpg.rf.3e94be30757dd080203abd8a966f5a89.jpg,N
M23_jpg.rf.3e9d7973153921e680fa40d75687c927.jpg,M
H24_jpg.rf.3f2729855fa8123d3a43e178b59f4f73.jpg,H
V16_jpg.rf.3f12546ed0295eb779ba0b2d763327ad.jpg,V
E10_jpg.rf.3f2308817ab827f37fd416df0490b9c4.jpg,E
C18_jpg.rf.3f6c5a43677a27ecbe3a5796b44f8ddf.jpg,C
N11_jpg.rf.3fa5777283528ad4f276dc62a95a7bbc.jpg,N
K11_jpg.rf.3f4cc1dc342987f0cc293ae1f3cae8cd.jpg,K
M18_jpg.rf.3fae46ff6a91c58fb10a10e854f3768e.jpg,M
I10_jpg.rf.3fb784cb3821c584a4a97ea0bec750d0.jpg,I
N0_jpg.rf.3fbb2b164f02bc50f8bef8873315dfe5.jpg,N
Q1_jpg.rf.3fe3fa0e6a56f3183eb66124117a35fe.jpg,Q
O2_jpg.rf.3fd2151e4d7981b8547c2889f9ed7cd7.jpg,O
K11_jpg.rf.40bba249f19943166c129fd48c7352ae.jpg,K
O10_jpg.rf.40a31895060cd143e4af6bb0958b632d.jpg,O
W4_jpg.rf.407981a1c9711a18ec27088861ce5ed8.jpg,W
M1_jpg.rf.411bd85388ef9cb634f3d11439466266.jpg,M
A11_jpg.rf.4126b388a474440c970d85a3b2a7bf09.jpg,A
N3_jpg.rf.412d6fdc8fa412c3276e1b18fc565376.jpg,N
K26_jpg.rf.41c72b8c830faee9c21ffbf48a87ec63.jpg,K
F15_jpg.rf.4135894f44c4f8f5c8f0667b89a8fd65.jpg,F
I7_jpg.rf.41fd04225de381ec22718cfa19e1d838.jpg,I
E24_jpg.rf.41db0e0cc4f0f0041c9d08d0a40b683b.jpg,E
M3_jpg.rf.421bf4b4026eefa77eca4eb294ff69ab.jpg,M
Q1_jpg.rf.42312e1e9361c3250d3a36fa95dc870f.jpg,Q
U11_jpg.rf.42a7d9d39bc5a04e527a806bf5d11e70.jpg,U
N0_jpg.rf.42b5818c7451bff8f1a419d0517bd766.jpg,N
R3_jpg.rf.430c822f14483f56ac3bcdd51038f71f.jpg,R
A25_jpg.rf.433d7879c39d43659d5ec56d0d55bb8f.jpg,A
M15_jpg.rf.4385f93af3c86d7db4299de00749d8df.jpg,M
A27_jpg.rf.43d15c227b557017a01eec793a1a73f8.jpg,A
D13_jpg.rf.43b646db63d3edb337759e6108d70788.jpg,D
H7_jpg.rf.43f9bd777535c133be749dd7a2a02f94.jpg,H
U23_jpg.rf.4486f88ed4e3d7916dccce56abb42da5.jpg,U
U1_jpg.rf.4493fcffd1fbc47abc773a4872208b08.jpg,U
P16_jpg.rf.4403a1f4444c99219aaed32e4cfaa733.jpg,P
R12_jpg.rf.44c10c382585b30f761f68712e1417ec.jpg,R
K2_jpg.rf.44d827e0289600627e1fcc43197301cb.jpg,K
L7_jpg.rf.44e7cef3ea780884ef5bd22c313cf34e.jpg,L
F12_jpg.rf.458f15ee20731a757487fa87ed9db9f1.jpg,F
A13_jpg.rf.4533aea9a6c32fecadcd1d1963e7dc78.jpg,A
S24_jpg.rf.45ab42883d54a69d1c7c2ec0c45a92c1.jpg,S
C4_jpg.rf.45d9308b1e63d4ff55615b0d5e3fa96d.jpg,C
F1_jpg.rf.45e58e9dc2196990d17131271f112f66.jpg,F
F16_jpg.rf.46171e20f1d7705061ed245059d607b6.jpg,F
W17_jpg.rf.4653c954edbe027131c19e85f29305a8.jpg,W
K8_jpg.rf.470f8eb6fafc48ca3332fcf6dee06c59.jpg,K
K22_jpg.rf.469ede252b621a64443d4da70d3fb7f6.jpg,K
Y8_jpg.rf.471a4b651ce3aba784805e5373e7994c.jpg,Y
B17_jpg.rf.47684bd82b6f784ab02cf17155f9fbd3.jpg,B
Q11_jpg.rf.47af03900b486f8e43485cae66983972.jpg,Q
A16_jpg.rf.4792e25fdaf24e4180ae1a9c1513a39a.jpg,A
I2_jpg.rf.47b23dfae90e651bc47ec0c850c74145.jpg,I
N4_jpg.rf.47f777d2f2a24ae7e8468e137e6abdaa.jpg,N
C11_jpg.rf.487d3d40a9e7629351ce425e42a28f03.jpg,C
G13_jpg.rf.489885afbbdcafca479ea1abf7000047.jpg,G
R23_jpg.rf.489dad0a6127c2526aaf8c63c1af49ea.jpg,R
D5_jpg.rf.48b54c057f7fd6feec177dbc7c467b97.jpg,D
I20_jpg.rf.48cb8523d8325ef59931ca058774bf5e.jpg,I
Y22_jpg.rf.48c04a6138632a7ffd83462bb5c0bf8d.jpg,Y
F9_jpg.rf.49530fa808c83a35dc0e2520760a29dd.jpg,F
N23_jpg.rf.49cada42ec712325879dc9f2e7596c4a.jpg,N
C14_jpg.rf.4990e1d25f4caabefcdfcdc245853913.jpg,C
Z21_jpg.rf.499ec8f386dc9e8e7e4ec234383f1d6c.jpg,Z
G28_jpg.rf.4a10032944135ba76a28cd983c12ef82.jpg,G
V18_jpg.rf.4a33fccff210f6d4a58eabee436761dd.jpg,V
Z26_jpg.rf.4a1805ac52f6fe66a120b9b20b10f944.jpg,Z
T9_jpg.rf.4a416bb3133ec9135d7cfd16d2ff5c04.jpg,T
C6_jpg.rf.4a61ae566ed0f8a43b664e763cbce85d.jpg,C
O21_jpg.rf.4a7d57ea5c92d11c03075179913b7ac5.jpg,O
Y19_jpg.rf.4a8478c4a1261c876ab38626c779470f.jpg,Y
J23_jpg.rf.4a88d3146ebfb16329f569a79c15aa53.jpg,J
A17_jpg.rf.4a8e1a1f1b440d03ba2e262405e72845.jpg,A
U16_jpg.rf.4b122d169e259f162f3b5597922ea988.jpg,U
B16_jpg.rf.4ad8c01d9397ef029a65dd0413e61dd7.jpg,B
Q13_jpg.rf.4adb3d65e8f45c6d1fd51ea6ae071271.jpg,Q
N25_jpg.rf.4b16bfc968c7c1a77e53212a84a5a259.jpg,N
G6_jpg.rf.4b96ecae283c576a63e4e27c3ae16263.jpg,G
Q16_jpg.rf.4bb45d54bcc5cf59b646870e86ade0b7.jpg,Q
R9_jpg.rf.4bd4b9f469f4f87c6b6e0608fa8c39e1.jpg,R
F20_jpg.rf.4be18d34047cecc606ca606bb967f0f3.jpg,F
S20_jpg.rf.4c1445e9bcf4cc8670baf77a45acd14c.jpg,S
V15_jpg.rf.4c07dca8742697167d9c49a3f68649e2.jpg,V
I12_jpg.rf.4c8263600f0c310868b55e13ee2bb2f8.jpg,I
N20_jpg.rf.4cca7e9378f0fed1b5ff0c3ac2f57369.jpg,N
P3_jpg.rf.4ced067aa5a9f506b6fda92e212a0f18.jpg,P
I18_jpg.rf.4d1c8f0e37cae1a7436fa975e7fdaf0c.jpg,I
X16_jpg.rf.4d4d92171ef29789516fe1cf4fc75847.jpg,X
L24_jpg.rf.4d41dc21185fc2668a72c3f2eb477179.jpg,L
I3_jpg.rf.4d858687a500b71952d8c05916e6c664.jpg,I
B24_jpg.rf.4dafd9d56b7695644224f57e47c8abfd.jpg,B
A2_jpg.rf.4dc4b7c0d6e8d3e1d8bf35ada540b366.jpg,A
W6_jpg.rf.4e05a2411c56630c05b276ee7b2eee7c.jpg,W
O14_jpg.rf.4e1fbfdcef04125a6f64eb03e394d184.jpg,O
I7_jpg.rf.4ecd2cd7882bbf1c49d3d4cdb836aa69.jpg,I
K10_jpg.rf.4ef455ac2f3f58e1d30adb86c07543b2.jpg,K
X4_jpg.rf.4e213026519c3044af45fe48a6be40b3.jpg,X
W18_jpg.rf.4fa52e28d07065f0d17decb356fe85ec.jpg,W
E0_jpg.rf.4f0d29badc36513788ee34d8ecadbdf8.jpg,E
X0_jpg.rf.4f091a725fa4add0baa525d84e695743.jpg,X
S7_jpg.rf.4fa907a7e1cb3135c192c8fa2dc3fda4.jpg,S
O27_jpg.rf.5026ba77625aca8f5f531540ab99c881.jpg,O
F2_jpg.rf.4fdd2417e135e528cb0873738978cad0.jpg,F
R16_jpg.rf.5008e64ca64722b238f88ffb294a87c5.jpg,R
B22_jpg.rf.50d8ba3dbd3a5c10b161cadadbcc5b41.jpg,B
Q12_jpg.rf.50e64595d65da5b53e0694b1596f55c2.jpg,Q
E8_jpg.rf.51233f58587227a47ddcad11950d4672.jpg,E
G16_jpg.rf.514f0da5f5350ee94c4e1937b2076fdd.jpg,G
G27_jpg.rf.5175c016a4ba62b4c4c74d69bb681103.jpg,G
L22_jpg.rf.519c99ef5b451159a253af7c640b0e40.jpg,L
B17_jpg.rf.5177d683638aaeb5b00b07bd2be26624.jpg,B
S3_jpg.rf.519338be5baea0d10b44063693384d32.jpg,S
P11_jpg.rf.51d452c429f95a0b3980af6d04b96a24.jpg,P
H12_jpg.rf.5239390ece4088ec70751c96cc04c7af.jpg,H
R4_jpg.rf.52a4a9dde06e8456d6cbdbc797e6a987.jpg,R
E21_jpg.rf.5291cbba4a6ded4b802a96850d92b745.jpg,E
E3_jpg.rf.531173dbb28813a479a0490af2f7a95d.jpg,E
G26_jpg.rf.531f3dfc61f741a76de68b88e9bd52a1.jpg,G
M2_jpg.rf.532390288aeaf32238115b13d1526d31.jpg,M
Z24_jpg.rf.531c717ba4cc78d0baa3344f00867728.jpg,Z
Q0_jpg.rf.53c81488ddd43440ae54c42ec77a987a.jpg,Q
W18_jpg.rf.53d0cf305fd4724556b411dd76363814.jpg,W
P0_jpg.rf.53eb3ac143396f521ceb9b0a4578eb5e.jpg,P
U4_jpg.rf.53f7810a427914bca323faa6e1309328.jpg,U
K17_jpg.rf.54067dfb2c86d9ee494ea3d0a8dd7ccb.jpg,K
K8_jpg.rf.5436c330dfe8c046ff3bf1a1c2b2f1f4.jpg,K
R19_jpg.rf.5443f646062d2fdc9247fe2248995c89.jpg,R
T0_jpg.rf.5423681b3980accb3283c6ce648f141f.jpg,T
Z5_jpg.rf.544842f2941835d4960bd18e6ef49bca.jpg,Z
C13_jpg.rf.54931a3fe5f245f52f99288e352b7d07.jpg,C
K3_jpg.rf.544b0d955d1da81bde0a204fd4db9573.jpg,K
Q1_jpg.rf.549679ae70c7c702815a3e63fac77cee.jpg,Q
R24_jpg.rf.549ced8a6f3f03f52259c80798d0b400.jpg,R
Y14_jpg.rf.54a7803bf94584c0168844c3f358cc41.jpg,Y
O6_jpg.rf.549cefc0888919b0e25fc3c940e24660.jpg,O
I14_jpg.rf.54d6be466239ebe87c66ee9673404f40.jpg,I
D8_jpg.rf.54f406f5e4d67f3edcb85e711f72450d.jpg,D
H2_jpg.rf.5500497089d9120021b30101f04af9b8.jpg,H
P12_jpg.rf.54fa3c2b8bb09e2943b416ab3beec718.jpg,P
K15_jpg.rf.5505ad8fdd2f515291b18f3392caa1df.jpg,K
U14_jpg.rf.55178b98f2d7bc5769f44f3ab306f58f.jpg,U
L6_jpg.rf.5592edce54a5b213eba0bd1d7412ed3b.jpg,L
R10_jpg.rf.55b9e76ebbeb46d518a63df7c7759312.jpg,R
M17_jpg.rf.557d68355e6d2ec6d1c5a384368803c5.jpg,M
I23_jpg.rf.55ba20132de172c54dfc3e951bb86616.jpg,I
X22_jpg.rf.561d1dfcf38c9f341910d1a8bfebcf3e.jpg,X
Z12_jpg.rf.563bc9989c617dafd753094b52a0d876.jpg,Z
N17_jpg.rf.55dba65da797782cfc04964acc7c80a6.jpg,N
N13_jpg.rf.5651d6cf59b38d4bfa691a9e73ca1c05.jpg,N
Z3_jpg.rf.56694b0cb356d57b9da4914993042958.jpg,Z
E10_jpg.rf.563d7d9228bc5e4eacc9272ba7a4c4b2.jpg,E
J33_jpg.rf.560b70f3511771d3a993eeca560bcb9e.jpg,J
D25_jpg.rf.5699ee5a529664db698910eb4427c895.jpg,D
E12_jpg.rf.569e076c619b027c9d3258a6a85ae3c5.jpg,E
L12_jpg.rf.569ab0b8db5ad7708d32ac12ba7c7405.jpg,L
E6_jpg.rf.56aa1e8bdcb1e91cb8b7855a90f1f452.jpg,E
Z28_jpg.rf.56abff244017624ad386bb7036b39927.jpg,Z
E13_jpg.rf.56f0e141a9f408a54768dd8a920be58c.jpg,E
C3_jpg.rf.571f4682ead9e6b96d6f2417a0c542a1.jpg,C
W0_jpg.rf.56cbf53c6656f23683d8e61c3f5fd6ee.jpg,W
P4_jpg.rf.5740f4225d8ac5e92cb8a3143c7a064b.jpg,P
F25_jpg.rf.5783053c7a9046e380cc6abd732ee315.jpg,F
Z19_jpg.rf.576d00ed48270b45b9a9739b5d067d6e.jpg,Z
G15_jpg.rf.574694ebc6ae05a0a5c37c11afe73aec.jpg,G
E17_jpg.rf.5785a6c34d1091b28c58dc087e4daae3.jpg,E
Y19_jpg.rf.57e8d39c7574c6d5e607cdf7f490492f.jpg,Y
O7_jpg.rf.581e1f714baa39c534d2d9e4ccbfc12e.jpg,O
I21_jpg.rf.57d19c1b96b44e9049c40bda73a4e968.jpg,I
G26_jpg.rf.581ec377b69d4df5d5edced7c61cdce9.jpg,G
U13_jpg.rf.589f6536f29bad94a86050bc23e5c795.jpg,U
U23_jpg.rf.58bb2072e58c0111cf8a50ad02811446.jpg,U
J33_jpg.rf.58226b55090430d0220502a0f38d36e5.jpg,J
H6_jpg.rf.59081b8942dff53572b60ef79b8b19ae.jpg,H
I22_jpg.rf.5a03e74c8ac6e76e9a1253936288bd11.jpg,I
S29_jpg.rf.597153b714fdd14a6464995904b69968.jpg,S
O26_jpg.rf.5a108e7af0ac36cf632ffbf17c91164e.jpg,O
J25_jpg.rf.5a55ede6f176487927501a082f9d76bc.jpg,J
U7_jpg.rf.5a8152cb6a3ae8b6b5907ab7e4f65638.jpg,U
R14_jpg.rf.5a6cdf945acdd3553d8ea7a7b8097eec.jpg,R
O25_jpg.rf.5a99d7ede796b9c82cafb4eb3ab28916.jpg,O
N5_jpg.rf.5ae0d41f440e990939e5a00c9c78c847.jpg,N
H16_jpg.rf.5bcd358fdb7532d0df55fb0daf7f571a.jpg,H
I15_jpg.rf.5aecf78632ef4f7104b2fbfaa04327cc.jpg,I
C10_jpg.rf.5bcf569d31edc542fb1d103907414379.jpg,C
A7_jpg.rf.5bf80e89a1bbeeefced8bc7be1492987.jpg,A
O24_jpg.rf.5c37f7d4bda24adaa54f1b57790bf204.jpg,O
H4_jpg.rf.5c319b485275c3943342a08ab8bac532.jpg,H
S21_jpg.rf.5c209196fff85afc1848fd94a98dfbc7.jpg,S
N20_jpg.rf.5cb26ffeb850e2c2b61fe1be4d127340.jpg,N
C10_jpg.rf.5cfca3be91140ce90dd5dec8b3883120.jpg,C
W9_jpg.rf.5cb9add511c7dec710dd30c38471f4b5.jpg,W
J31_jpg.rf.5d1f6a93e11cc7a83e1008aecdb8530a.jpg,J
H4_jpg.rf.5d2d0418f75c97688edbefb414df3efe.jpg,H
O16_jpg.rf.5d70dcd1f259f4a80654b898d50653b0.jpg,O
D19_jpg.rf.5d9717c58ca187d979972e7de9894d85.jpg,D
G19_jpg.rf.5d30b29d9e6ea44956e9fa7bfe5e6624.jpg,G
H26_jpg.rf.5e4006cd44bacf869a9d6b115eaa23ac.jpg,H
J23_jpg.rf.5da77a10060d8ddb02727f9319b2d694.jpg,J
E1_jpg.rf.5e4aa7d8bb694ce6e44a2dee30b1128e.jpg,E
W20_jpg.rf.5d59cba5b627ae61936bb6e0446b1f2f.jpg,W
W8_jpg.rf.5e465a4c3818187343a0eaf0ff6ab69c.jpg,W
G2_jpg.rf.5ef944bbec904e80e1835209a42ae700.jpg,G
C20_jpg.rf.5f53a37a7de4c46ee072fdf44e4054f3.jpg,C
N11_jpg.rf.5e57c05bc09126545c50edcef455fa38.jpg,N
L20_jpg.rf.5f68d14427b676a7efc70bb1e037fd4e.jpg,L
Y2_jpg.rf.5fcab7c7743730aacebb649af41e8355.jpg,Y
F6_jpg.rf.5ff3922de89f68c164ed7459c634919c.jpg,F
I22_jpg.rf.5f6b5a80535e761434b472eccaee9290.jpg,I
L25_jpg.rf.602c7855b9282cca41a1303b8d8ce973.jpg,L
U8_jpg.rf.604374bda2bd03039aa170c2b97a4241.jpg,U
K4_jpg.rf.605ce13ae422d6f639de55692691009e.jpg,K
B24_jpg.rf.60571b4a4e55dc4bc9fce2e20acb0658.jpg,B
S17_jpg.rf.60db942013d6803a9b77f75534537789.jpg,S
M2_jpg.rf.61587c7ec4948584a1c7f58d4fde93f5.jpg,M
T15_jpg.rf.615b07342ad9ad4ef4ab50e33f15ea86.jpg,T
H16_jpg.rf.60ec6583e22a3844b995a60db8777bc5.jpg,H
T7_jpg.rf.616213606335914d5d246b2579920503.jpg,T
Z28_jpg.rf.61c88a1a338094c8780576206a29548e.jpg,Z
M16_jpg.rf.61d886ad907da30dde5b361424eca491.jpg,M
V22_jpg.rf.619405fdf139eb6e993866f1dd47ad3e.jpg,V
Y24_jpg.rf.62482bc4f89f6364a6dbf6bf80677932.jpg,Y
T14_jpg.rf.626d0233389df286553f913391e92a50.jpg,T
A1_jpg.rf.62756f145ef317dbd20ab731cbca01fd.jpg,A
H17_jpg.rf.62871b0da000b5a6d1556a77944934ec.jpg,H
E23_jpg.rf.62accdca7faaf361302a63b6e7fbae35.jpg,E
Q6_jpg.rf.639c5cc2db5dee9b172d97b97879bced.jpg,Q
H26_jpg.rf.62b14021e7c28a6cf9664fc7ba7c8dbd.jpg,H
Q25_jpg.rf.63504e3540182fc45d609b400f730768.jpg,Q
I26_jpg.rf.63e2457881e1d6a3c30efd146db8b644.jpg,I
G13_jpg.rf.649e1899c2d6950c74d72a07e00038a4.jpg,G
K3_jpg.rf.63e9984b36cf41a5adccc8c273db9e09.jpg,K
L22_jpg.rf.645981561f0e94c01dd7675886c5e65e.jpg,L
Z29_jpg.rf.64a16f3aec369f9abc15186097a1a1a5.jpg,Z
U12_jpg.rf.64d4fb00dfa817e4e74e9d6082514d75.jpg,U
O18_jpg.rf.64adb5ed40e2fdfbe95507b0e04cc8fb.jpg,O
Q19_jpg.rf.64daae9ed66320b64ac522120df5297a.jpg,Q
B3_jpg.rf.64e0c9ae2fdb09151ec26fa10d8493ba.jpg,B
X15_jpg.rf.652e8d7c97087d735b294dd643febd92.jpg,X
K16_jpg.rf.654ed1a5caeef48c3e5836adbe6f4023.jpg,K
B3_jpg.rf.64dc52ffe5ef2168c1108afc30503111.jpg,B
P13_jpg.rf.656b4793b735672344b19517592b268e.jpg,P
P0_jpg.rf.658af5b3795355cdda3503198e1a9c34.jpg,P
C3_jpg.rf.656ce5ccdfdd18b77ad33c0ece7ae8fe.jpg,C
Y8_jpg.rf.65bc9b18a01418ff5c91942f9baa51be.jpg,Y
M4_jpg.rf.65c764638b87aed72f7273b85d318b11.jpg,M
Z1_jpg.rf.65efaf3942003d2e4a4316f2309786f1.jpg,Z
G12_jpg.rf.65da5ab9ac1f7c80acee8005820688cb.jpg,G
F6_jpg.rf.65f35de3f176a0365d29b252790ee400.jpg,F
V7_jpg.rf.660110da9912fceee0e30e2de049b856.jpg,V
Q14_jpg.rf.664d7a70451a8655827f624b0db4b548.jpg,Q
K3_jpg.rf.66651e2fd83f4622815c2635819be065.jpg,K
J19_jpg.rf.67079eada2061b781f593069eff8ad59.jpg,J
N4_jpg.rf.672fee7e550531a34318d29d779d82b3.jpg,N
U19_jpg.rf.6786d3d84d511278f6b5721fed8648ee.jpg,U
P22_jpg.rf.67d9823ec6302d86005f97a04e4a611c.jpg,P
P7_jpg.rf.674a58fb29705a3ed5fb41f1ebea7cfe.jpg,P
Z0_jpg.rf.67eb05a396fbaabaad870ba7a2264707.jpg,Z
Z14_jpg.rf.6815934a383c43f127bbdc159c61be14.jpg,Z
U10_jpg.rf.686a9ed2a15beba1eb56f6cdaf8d309b.jpg,U
F23_jpg.rf.683b7749581139984a7ed72f69c26c72.jpg,F
D5_jpg.rf.690539382643498e08f43ad16d6a0991.jpg,D
V7_jpg.rf.695d77c9f5f717ca1b048563c888dc9d.jpg,V
X5_jpg.rf.694d75a9915efefe09b6e158eb529504.jpg,X
Q5_jpg.rf.6950fad6e3271e171f18c623a76351da.jpg,Q
S9_jpg.rf.695f76e3640404b5022746170b2daf3f.jpg,S
L7_jpg.rf.69f54c5378bc15c973f5c4c412b1dc9e.jpg,L
X2_jpg.rf.69b718ce040a23218a95c8cc852b5ca4.jpg,X
J35_jpg.rf.6a007ec1b9ff32872252c250b01e4b2f.jpg,J
V9_jpg.rf.6a272dd6d342fef3d02b04f418ee9fa9.jpg,V
M0_jpg.rf.6b591dfe6ceae47f02587b0d55835a81.jpg,M
A4_jpg.rf.6b68517bcc691a09eae8e2567d110cf0.jpg,A
X25_jpg.rf.6b245e6951c33e04bd4e9b0cd203e8e5.jpg,X
Q24_jpg.rf.6b761eafd611da4e06fe835d295dc9a7.jpg,Q
W6_jpg.rf.6b9326c321d2aee997214bd374e78a6e.jpg,W
R12_jpg.rf.6bd167f266c932dc016d4c39328d773c.jpg,R
I8_jpg.rf.6b7ed6a1aa535d84b7d5762ba3b4e813.jpg,I
Z14_jpg.rf.6bed4c2de295f57f0da7f7ad1affd060.jpg,Z
V22_jpg.rf.6c12c374bf2a331b4e3b7bca2d709468.jpg,V
X2_jpg.rf.6bf9668a90c77d52fc8cb7b5f3a1ca6e.jpg,X
E9_jpg.rf.6c965b36d65ab495d177aca9d53190f7.jpg,E
Q17_jpg.rf.6cbc5952b65a284bfce8caaee4794e56.jpg,Q
E15_jpg.rf.6cea2b32a4805735fe5fed0e95ef23e8.jpg,E
N8_jpg.rf.6d28d8486b474c61799e19b62a718168.jpg,N
U17_jpg.rf.6cbee7905089ec10bd165490798d478e.jpg,U
A28_jpg.rf.6d36fa4cb06007c23a30414814b24507.jpg,A
X21_jpg.rf.6d5aa7c163e8126919e743c328757527.jpg,X
Y3_jpg.rf.6d6ed02eb1111c3fb9ce6898574fdcc5.jpg,Y
F14_jpg.rf.6d3c6163a285eafd8b0e996cee8ebcd4.jpg,F
V6_jpg.rf.6de159f5c0a51aecaa23d4b8015761a3.jpg,V
B7_jpg.rf.6d8e67f52ae87d4c5bc21cb36134202a.jpg,B
I11_jpg.rf.6e2295c3fbc52d99e8f18010c836f1c0.jpg,I
N2_jpg.rf.6dbb1a476cf95ed2297387a6499250bb.jpg,N
W2_jpg.rf.6ee90ff8ce548d835f5b001b3af0ab42.jpg,W
J7_jpg.rf.6ee8599a36d18240149dd36c1b163c99.jpg,J
V18_jpg.rf.6e602adf4f2b566b81d60cd4ba06f211.jpg,V
S19_jpg.rf.6efc512cdb20635f2f91b5e949af7bee.jpg,S
L18_jpg.rf.6f057ffbef34e2b0b5049c635abc87f7.jpg,L
Z29_jpg.rf.6f544d1ec011d28eb0783d266b0d7096.jpg,Z
Q3_jpg.rf.6f37d6bc8296259ebc13369a9daa11b2.jpg,Q
C0_jpg.rf.6e38ba21cab2531e3d6f2e455a44a8a9.jpg,C
W21_jpg.rf.6f567fbe6f43e8ad9b965d0d3eecb0ab.jpg,W
L9_jpg.rf.6f71c56b50f7023e5a43aa5764383b03.jpg,L
B22_jpg.rf.6f7022546e944e83aef466d6a63b5f8c.jpg,B
V20_jpg.rf.6fcac88e662687d530f439f9bb7352cf.jpg,V
D24_jpg.rf.6febc371f35b6c99a7426f51e9e7f95f.jpg,D
D16_jpg.rf.7011c9a2b844ecbebf09f7321d46588d.jpg,D
C14_jpg.rf.6ff8a8c481016a9920f334954c7f0130.jpg,C
X6_jpg.rf.7018afadc8bea75cd58c9fd04f754dc7.jpg,X
U13_jpg.rf.701e44546d15ae35e211e91443875bc8.jpg,U
A6_jpg.rf.705f49da7ca17d45761036a033a8330d.jpg,A
Z23_jpg.rf.704b2da7d23019957181835f96e42cf3.jpg,Z
M0_jpg.rf.70755ca20acf9d12f01564b1cda38e15.jpg,M
D18_jpg.rf.70d46390262abc9a286556c7ba86a8ae.jpg,D
K21_jpg.rf.7121e10074271243aa0ec75982915234.jpg,K
S14_jpg.rf.717b5283ad7bff53fd289794838c3993.jpg,S
S10_jpg.rf.718df1410683539001eb344f2726ae41.jpg,S
C24_jpg.rf.71696292097ccc75c635401c514e235e.jpg,C
K7_jpg.rf.71e354164bcf1240f22093e024a08d34.jpg,K
F25_jpg.rf.71a50320caff7a1dceb2ca5543f7e050.jpg,F
T7_jpg.rf.72032e82815b428438cd19eb49492308.jpg,T
R3_jpg.rf.724d36a377db414976fd67a568cdb63d.jpg,R
J34_jpg.rf.72b4fa826c3a86e054efb29ff17b98fc.jpg,J
G2_jpg.rf.72578111ac5b7f7ba7e87a424664ee5e.jpg,G
W17_jpg.rf.7269833fa03d4962655240ad24e39cff.jpg,W
O19_jpg.rf.737f00e3fbeb99c9b89b4d7ade2481e6.jpg,O
J7_jpg.rf.72b76afb25ab19cedb77cb46f392e28c.jpg,J
J22_jpg.rf.7329cb4fee2b6670cf2cdd3dd5f6af74.jpg,J
V15_jpg.rf.72f8ed121d02ecb661d91b151ef890e0.jpg,V
Q15_jpg.rf.738b99a91e16113998c2f42f069c3e59.jpg,Q
O10_jpg.rf.738f34160331284332b6641740b596f3.jpg,O
S5_jpg.rf.7391e9787825c7fa0c6df841ecb21db8.jpg,S
I16_jpg.rf.73d93bee08f11aafa34f97e134dfbb5b.jpg,I
T10_jpg.rf.7441b40b26c6708b78fd1a9c0b20789b.jpg,T
I8_jpg.rf.74e4b289a4a3025955d4ccd2a8e4bac7.jpg,I
A5_jpg.rf.7509038ff9765a183ca15e82b511d200.jpg,A
O2_jpg.rf.744b3c690627bc4f831a4534ffd7b728.jpg,O
J32_jpg.rf.753bdd7415dbf63bae9f98b259982a05.jpg,J
W14_jpg.rf.755b789c31b08e83cafa0bd7ddf27dff.jpg,W
U19_jpg.rf.7509f6e7de716a5dce4e067512cbf66d.jpg,U
L1_jpg.rf.758061deebf588e6a891a2060a266497.jpg,L
X1_jpg.rf.75fa4a2cec8c5c91b5436756022a9449.jpg,X
L20_jpg.rf.75e8533a95c965196672103d0673e74f.jpg,L
B2_jpg.rf.75d0fd9f5abd7f4bdf5f27fdc57c3d54.jpg,B
X3_jpg.rf.766ff8ea121f20b204ae9ff95550e791.jpg,X
D22_jpg.rf.769f5763e99544f61ad4c8cec41ab18c.jpg,D
Q11_jpg.rf.769cb73acf62f133cec01666f6a1cac6.jpg,Q
N25_jpg.rf.76a1e35c1de704bee09cbf7dcc6cee7b.jpg,N
S18_jpg.rf.77497bf145059f4112fa3ab70993ca6e.jpg,S
X23_jpg.rf.7761f3c810024196159dad8e5dc79a84.jpg,X
E6_jpg.rf.776022b662ddf22f0e3e8e0f59059421.jpg,E
V19_jpg.rf.77360f0e81105cf1800e43e703786c43.jpg,V
Z5_jpg.rf.77815fbd61ec215d563a02911a47b9de.jpg,Z
I18_jpg.rf.779d6952fc15d26726ad7121bea54296.jpg,I
I5_jpg.rf.77b81a33d4ef3602a2a701c89c871213.jpg,I
P12_jpg.rf.77ea9a7ad9f24a2cdae79b6298b8283e.jpg,P
D6_jpg.rf.77a2c550063bcf698e4ad12498fdd339.jpg,D
L19_jpg.rf.780a8f4e548149a1e6b25dd196fbac5a.jpg,L
I16_jpg.rf.788433321164c435001c88f30e1e4053.jpg,I
L21_jpg.rf.7871d15d95932860cb2bec9bb5062889.jpg,L
T6_jpg.rf.780ac7665c045cb032fdc659abb5f06b.jpg,T
F23_jpg.rf.7885d9deccd14a4f1cca3a3d063da071.jpg,F
L8_jpg.rf.78a38f69775f7d484a3458d8c5672374.jpg,L
Q0_jpg.rf.788e5476de2964ef2f88d5d8bc871f2e.jpg,Q
P16_jpg.rf.78e1dc06dd496f43b5e25f84d4a8b036.jpg,P
V17_jpg.rf.78e7ba590934b81ba324e211a223f70a.jpg,V
H20_jpg.rf.7a6d151089f099699173076d69dbe636.jpg,H
F10_jpg.rf.79272ca3dab510ac7c2c1a239a9e99fb.jpg,F
R7_jpg.rf.79a0d01d7dec5037a239d1539a24d77e.jpg,R
L9_jpg.rf.7ae0279411ee9abb78e05f61993bb8de.jpg,L
F10_jpg.rf.7b3d024294d6ec1648a41eef7cf4b16f.jpg,F
H24_jpg.rf.7b186d18aee436d69a559e3b7b03236f.jpg,H
Q23_jpg.rf.7c22e13c63bf9935a876dadc7572710d.jpg,Q
Y18_jpg.rf.7c5e33e0f98eaa1b200e32027572bad2.jpg,Y
U1_jpg.rf.7cd9bff5e8bce8381cde46cf1179cb85.jpg,U
E14_jpg.rf.7c6faed376e1936c99234c1ff76e4fa2.jpg,E
Z7_jpg.rf.7cb4950bf562f45d9101d6991f9adf2a.jpg,Z
J23_jpg.rf.7d4060f073e849a7d7980866f41c4a1f.jpg,J
A19_jpg.rf.7e2d39113f47c5516c279bcc8d4ff305.jpg,A
F20_jpg.rf.7daa4728bbca605707e66e384e94efd6.jpg,F
S8_jpg.rf.7d5a62b1d2bb4d9073c652413b1f959a.jpg,S
V23_jpg.rf.7e70db109d1f99a9ac2ff79c22061433.jpg,V
X5_jpg.rf.7edb4daac65b4c5303b7451ba8c451b0.jpg,X
Z7_jpg.rf.7ea521620bed1c0fb655c4ef5730a8af.jpg,Z
W11_jpg.rf.7ee0dbfc087573e240decfefea681112.jpg,W
Q16_jpg.rf.7ee7bec8ce9f912402d0885adcbef1f9.jpg,Q
X23_jpg.rf.7f394bde10fc2888f91a578bceed373c.jpg,X
Y15_jpg.rf.800b1b21d2f9e93031d47013fbb30426.jpg,Y
L17_jpg.rf.7f3965679f64cad13fd80b0adf625955.jpg,L
T0_jpg.rf.802ab2f9643731a33e5dbdea2569b539.jpg,T
O19_jpg.rf.806a40141fb6a96bc9cc5ac4cf9d415b.jpg,O
Q13_jpg.rf.8062f354cdada372d2f2b2167b6450d2.jpg,Q
Z3_jpg.rf.807b0edf384fc6c34bc4715db2cb9a36.jpg,Z
X25_jpg.rf.806e8ab40c1468fafd8d8d989e2c3d80.jpg,X
U14_jpg.rf.80e617d1d5760f5eb3f7fcaa11169355.jpg,U
D3_jpg.rf.80f42802671cc6eb10df55ebf1e6c5fd.jpg,D
J2_jpg.rf.80abd0e0c48f73f8d31f18dbc61d41e5.jpg,J
Z8_jpg.rf.81357aeb1a89b914fc16d5a0418db9ff.jpg,Z
S23_jpg.rf.820f70663892576a36438ec1e13f0eac.jpg,S
S28_jpg.rf.81e8e1266bdac0df72d3dbf208d44e56.jpg,S
P19_jpg.rf.823884f9bbb962d01cdfc022ac58451b.jpg,P
M21_jpg.rf.82968e33ada0cfccf99bfe9ede419f82.jpg,M
G22_jpg.rf.82ebba8bb04b90450c79a115a12f83a8.jpg,G
Y9_jpg.rf.82c8cb326bd0bf2242bfc4a57633a0e1.jpg,Y
V4_jpg.rf.82eae9d66afc6dee50e487351f2c1b57.jpg,V
R22_jpg.rf.83015251e51ab253cf59cad62b59384d.jpg,R
G28_jpg.rf.835836116a319b633e705f59454c8fb0.jpg,G
L19_jpg.rf.832c5fcb38723e855707daeed86c3e9a.jpg,L
T23_jpg.rf.83a11fc2daa046abd4a6017570f7dc43.jpg,T
D24_jpg.rf.83b837eb94ded68cc499bbcebb48cd93.jpg,D
D14_jpg.rf.83c48289205bac79f5ded79dae8c89c1.jpg,D
C16_jpg.rf.8490bab18e5123726098ecde271f5372.jpg,C
U20_jpg.rf.84374a19603b78e186f750ead5b2b34e.jpg,U
Q2_jpg.rf.849cd7ad3d27934374c677f431e3a1a5.jpg,Q
A12_jpg.rf.84c6afc718de92ea268db5d3902ca2ba.jpg,A
K10_jpg.rf.84ac7b2316c2254df21a81de673b6a16.jpg,K
Z21_jpg.rf.84fbe761068c40007e205f3287c3f5a7.jpg,Z
Y18_jpg.rf.84fd8f3d4922255eb54c3345bc458e5b.jpg,Y
N17_jpg.rf.852a86e64b757de1cef45750896659de.jpg,N
E24_jpg.rf.85152fe67dd065365015fe2828d2ea85.jpg,E
W14_jpg.rf.85192eabce77e8eaaddaf159095e0f02.jpg,W
S5_jpg.rf.854d341353eb54971d0078dbed0b8dec.jpg,S
H26_jpg.rf.858f0da66c30d7d93fc3dd58dbf677df.jpg,H
Y6_jpg.rf.85511be5d3fa7e4217fe984101e31189.jpg,Y
B4_jpg.rf.855448db45c9e5e96114cacd36450c20.jpg,B
W0_jpg.rf.85b9a735331281ee1298ddb62e6d310d.jpg,W
I10_jpg.rf.85fea4ba832e90b3a943395089d8d558.jpg,I
A15_jpg.rf.864da902c564388b8d55ea151f88cb2f.jpg,A
M0_jpg.rf.864c0ee6368daf1d579baa9e87805ca5.jpg,M
S18_jpg.rf.867c634edf5e80364ed863a3b4fd6828.jpg,S
Z29_jpg.rf.87099a6379e8d844b814b016e199758c.jpg,Z
D18_jpg.rf.86ad518fbc07eab04daca71027cbe29e.jpg,D
E2_jpg.rf.869925976f2698aa0b2558bb10d8c865.jpg,E
M21_jpg.rf.875ea05a3363bd6af7c438b5b172b7d1.jpg,M
L25_jpg.rf.87c984e7c3672d7cfc5b699bf34ac536.jpg,L
A24_jpg.rf.8787463d42728d041d7eb1c6344affa8.jpg,A
I26_jpg.rf.87ee1fb34abc9a9aca81529cc3fbccfb.jpg,I
Y15_jpg.rf.882102d74ab62a79519bede0ea81995e.jpg,Y
J29_jpg.rf.885f23a6e9ead8f175c148f3f848e876.jpg,J
L4_jpg.rf.8870ba7a738f38929002c310cb4a6c8c.jpg,L
A21_jpg.rf.882e1a6a98ba26a8f7bc2c046f8b9d38.jpg,A
G26_jpg.rf.887b7eedb4f32e7f622619094dc8a0b2.jpg,G
W18_jpg.rf.88a2d1c4c0d79d673e3e910a9f11bdb8.jpg,W
P5_jpg.rf.88876e50acdd0cd7011c92c6044530a4.jpg,P
G29_jpg.rf.88efa90e9360c7d3c45453fbd6ce0d4b.jpg,G
C12_jpg.rf.88f0f81906b3567c5f64dfce2ecb850c.jpg,C
E11_jpg.rf.8914cabd0f7d2ddb5cc828bd56abba3c.jpg,E
J1_jpg.rf.89010181214a77e2b462a7c2d1102327.jpg,J
B22_jpg.rf.8905ab6c344c024819318532f76caccd.jpg,B
X13_jpg.rf.89181cc2106d7483c6e714651a6809d1.jpg,X
F20_jpg.rf.8982ee6b10f663fdbb8adf25df0a72d5.jpg,F
D10_jpg.rf.8971201a8118bb6a6a70b219a2c0c1e3.jpg,D
W3_jpg.rf.89810e57cd68a4727a34b59c8c57d2dd.jpg,W
L3_jpg.rf.89ae62d6e96177f6b2effa3d7099f724.jpg,L
A28_jpg.rf.89b547e86e0129b28e5ec9a0f0dc2ed2.jpg,A
J7_jpg.rf.89b97ef4c2c2a3e60227a1ad5f0f463a.jpg,J
F21_jpg.rf.8a1bef00c6c060bb6d20a2049e524916.jpg,F
L21_jpg.rf.8ab635023c1c27721280a23be88151ed.jpg,L
R2_jpg.rf.8a5886aae0af7c4586b4c9ceed4962c3.jpg,R
W5_jpg.rf.8ac4994036346ca75709ae9b32fe1346.jpg,W
X3_jpg.rf.8aada5f5216964acbe1a7059df6fd570.jpg,X
O1_jpg.rf.8adca4e6198e64065b9e858c2fd92dc8.jpg,O
F27_jpg.rf.8ae9c1ddd9227c712ba093adbc09273b.jpg,F
S13_jpg.rf.8b10a365a12c411efc3eaed20d331fc4.jpg,S
Q17_jpg.rf.8ae77931fc5bdbaba881697010fb63cd.jpg,Q
I11_jpg.rf.8b38bd4cb8ee06f67ff561a61bf44f66.jpg,I
E5_jpg.rf.8b50892e6dda6c506cccd3c28a9bc345.jpg,E
Y1_jpg.rf.8b70bdb98d870dc6c60ed99bbc279223.jpg,Y
Z3_jpg.rf.8baa18d239afd24c9596a2018f396373.jpg,Z
C5_jpg.rf.8c234b487fc6caac3607984cda82f9c3.jpg,C
F15_jpg.rf.8be0ab85c65888d3a24b702ad31e728b.jpg,F
L21_jpg.rf.8c73a6da61edec7f4e4b30691e66ef4b.jpg,L
E13_jpg.rf.8c785e9344df3875623480965766142c.jpg,E
L0_jpg.rf.8cadc74362dc0e3baf3c3c62f21b11b5.jpg,L
L13_jpg.rf.8b9f6016c464208b7e9a256b0af470b2.jpg,L
B18_jpg.rf.8cb122d333bb54ab4b1d92bc349d14c4.jpg,B
S25_jpg.rf.8c93d05f0c69ad72f0c2c5e791968366.jpg,S
Q13_jpg.rf.8cbfbd3699e8252108bcb98059a9b0eb.jpg,Q
D21_jpg.rf.8d3f3f78b3eaf92552b25bbda9f953f2.jpg,D
G25_jpg.rf.8d4d99d9b753446cea07a0cdf0e82fa1.jpg,G
L17_jpg.rf.8d425d11b595d8b3bec0b5172c5a82c4.jpg,L
Z10_jpg.rf.8d515a44b7041028299df663502388dc.jpg,Z
Q12_jpg.rf.8d5336d82241c58fbaea7ee00b13341c.jpg,Q
E13_jpg.rf.8d68f0f191144ef3272f596f3b3ce637.jpg,E
M27_jpg.rf.8d5e421d588ad3f38ffc4520c64c2ef3.jpg,M
V14_jpg.rf.8d8bd83ba75df87ffc409b021d544c1a.jpg,V
F9_jpg.rf.8df49ef73dcb1a370e0cfd721e2029f9.jpg,F
S26_jpg.rf.8d8e30490eba9d6dc9b5f52689d4727c.jpg,S
V9_jpg.rf.8dcb670f33e898df3554c09f06dbf0fd.jpg,V
J36_jpg.rf.8e09f1449219d3c7a6c44723a4df12e5.jpg,J
A5_jpg.rf.8e80b6017d4cbe8756c372f28279e426.jpg,A
B11_jpg.rf.8e133c2f504842695f2a074e464141a9.jpg,B
M27_jpg.rf.8e4104d3a68dbc84340ceb7244e5e52c.jpg,M
V5_jpg.rf.8ea4e30d9a7bc6e92bc4c23147c0e4a4.jpg,V
W3_jpg.rf.8eaecf72e4d1fa80dac7940cf74b0a03.jpg,W
F15_jpg.rf.8ecd61d00c50966b18a478fe963c2356.jpg,F
I6_jpg.rf.8ecd1ecaea163c26732dda70b8ebab61.jpg,I
C13_jpg.rf.8eef777130f21976679e4b061bf30662.jpg,C
W11_jpg.rf.8f55a307005dc0662c339508a859e4be.jpg,W
C16_jpg.rf.8f1a72f117c660c87d1dd4129d41a4b7.jpg,C
E5_jpg.rf.8f5d058da940c376e94246c9fc7e46f0.jpg,E
G0_jpg.rf.8f70b7b8329097881c61e1d535ca3e05.jpg,G
T23_jpg.rf.8fdee569ef3a5783d6af151bbaf6a568.jpg,T
G8_jpg.rf.8f8d46c6c308f54ab98f9464806f86f7.jpg,G
E19_jpg.rf.8fbfc3b0366982613362c159365d1184.jpg,E
X23_jpg.rf.8ff8efaa92cde6bb470f744dbad45f76.jpg,X
V23_jpg.rf.903082420cc8f45124bfc52a417f67e2.jpg,V
H9_jpg.rf.8ff9debc87f4e7a471620ebb53781ff7.jpg,H
V22_jpg.rf.901660086a0b7f81b683b913de8b2dbd.jpg,V
P4_jpg.rf.90c5d227eef7d4787eb8506bb7cd3853.jpg,P
N26_jpg.rf.90951fa02c664e3174befe8cd8d1f552.jpg,N
S3_jpg.rf.90a5981f827b33d7360e82abc16acbcc.jpg,S
R23_jpg.rf.90c5db8dcf15ca50ace090a4e1a1cabf.jpg,R
P20_jpg.rf.90e73eaab2e6dca06cd704d2f7d70c9b.jpg,P
J29_jpg.rf.9106ad50958f8c23a3716a7d36cff164.jpg,J
T22_jpg.rf.9100c7e5054671b1996d996e33dafa8a.jpg,T
X0_jpg.rf.9128422a7789b7b340d34431cba43035.jpg,X
N19_jpg.rf.919961328272d4434d7e604e11c25005.jpg,N
G22_jpg.rf.91e0c4dc22d572aa3bd666a0fd8f0cf1.jpg,G
X19_jpg.rf.91e89c93d776792601943f769cb30d37.jpg,X
U12_jpg.rf.9209058cc137e37c7d39e098db4aef51.jpg,U
E0_jpg.rf.926e842cd69d98b54aec8c371d61bf8d.jpg,E
K14_jpg.rf.92a41509ab493797be58b95fa0427300.jpg,K
Q18_jpg.rf.92d4673df9911bd2611bd020acd70d04.jpg,Q
K18_jpg.rf.931a8b10f845a697fa3052ac8de6fa08.jpg,K
V7_jpg.rf.9359e19f0e3decf6697e15aeb3ab6267.jpg,V
A4_jpg.rf.9369f1aa5b6108a0759d030730700afa.jpg,A
Z20_jpg.rf.93f86ccdef0af86d8cf8cca85677656c.jpg,Z
H23_jpg.rf.941cbff394281a33330d71c5219664c5.jpg,H
U8_jpg.rf.94750074ee39958f86fe161f66c9782e.jpg,U
M16_jpg.rf.9472476df679c9235f44231b371ef525.jpg,M
O5_jpg.rf.9478a7071c9594c6c5b80109907a0a5d.jpg,O
M18_jpg.rf.94b6b179dc7fdb52cd82dfa90c2ec8c7.jpg,M
C2_jpg.rf.94bb6cb403336400fa4bb229a29a5001.jpg,C
D8_jpg.rf.94d8d1eb9cff84765f81c632d07edc46.jpg,D
D27_jpg.rf.94df7c0b27b00569a14fe4475e84ec7f.jpg,D
H28_jpg.rf.955ccfbebad415e8874635c4de28f1cc.jpg,H
I9_jpg.rf.955dbc82105ffc5062cf4317e1ecd95e.jpg,I
O25_jpg.rf.957001b8f1a79a52c5cafdad4cd6ed4f.jpg,O
Z21_jpg.rf.95c18c5e627bef4b90a5755dd3c6e0b9.jpg,Z
A18_jpg.rf.961cde89dba6fa66758fcf505cd4560e.jpg,A
I24_jpg.rf.963a1383f81d7225ad074f4928a3a6e1.jpg,I
M3_jpg.rf.963dfc5d19252a7898d550e0bee13982.jpg,M
Q23_jpg.rf.96911677117648a2119e5c297f51e1d9.jpg,Q
H11_jpg.rf.96ded92601b8986b834c0fcf926dfa40.jpg,H
C0_jpg.rf.973b3521410ae5c7e32b54a120f1a4f7.jpg,C
A23_jpg.rf.97a11ab11034ee600679a123a8b8cb20.jpg,A
U1_jpg.rf.9843b133fc545def208f872a6b4c5254.jpg,U
J37_jpg.rf.986b52e1c6583269608afd529220337a.jpg,J
J11_jpg.rf.986b8fcff226ac7eb5c45c4a5c9aac1b.jpg,J
I14_jpg.rf.98857edef78e71b90a23338374952c53.jpg,I
N7_jpg.rf.98c90c88c6657ad7c30c8aed64d0baad.jpg,N
J34_jpg.rf.991a81aa9464b44233f285206b74c5f8.jpg,J
A8_jpg.rf.991bd77dc48de828da8f0529f36f1d4a.jpg,A
Z10_jpg.rf.9943135cca98d2e9887c67a937cd7fb4.jpg,Z
D2_jpg.rf.9949b39905135d4b5f7832b1d4d78f94.jpg,D
O5_jpg.rf.994a7d09ff71b63cadabe29701ad4dc3.jpg,O
X21_jpg.rf.99547d367f8baf8b52fd74468d6df5da.jpg,X
C7_jpg.rf.9990a91baa98e68238716439a5128017.jpg,C
M22_jpg.rf.999b428265334fcfe5fd0988bfaa8daf.jpg,M
M21_jpg.rf.99bba85cee72f5d90a28094590ecbbbf.jpg,M
V26_jpg.rf.99df437705c6cfc7907f32f66aaecdee.jpg,V
E20_jpg.rf.9a03a1e0fe69e835ad860277ad754f5e.jpg,E
X18_jpg.rf.99fd8bab19f97743011b1327df33a70d.jpg,X
C5_jpg.rf.99f22f57fc49f96914ae0b15bf18e590.jpg,C
Q4_jpg.rf.9abd9807e7761c1b3a8110a5b0542a29.jpg,Q
U17_jpg.rf.9a958acd53e0030eefb8b627bd673fc4.jpg,U
N12_jpg.rf.9a4c9fb411ede751dc657bba35021044.jpg,N
K19_jpg.rf.9ac499864f6bc7acee8d944adf36bb5b.jpg,K
R13_jpg.rf.9af923a6168e4773123713d92b2833ab.jpg,R
P11_jpg.rf.9b26d13b93934be87017b9e91689e462.jpg,P
H7_jpg.rf.9b69638689d70ee5a5c3fbc9396e6a2e.jpg,H
D26_jpg.rf.9b4bc57e8bf4b35e22b74d136b8fbadc.jpg,D
P10_jpg.rf.9bc9936fa60df50c060b49c5e53a303d.jpg,P
R11_jpg.rf.9c744e0fefcb9d26e4d4c1c0d90b3fa6.jpg,R
Y12_jpg.rf.9c7bc875dd16f637f5b0c509775baa7b.jpg,Y
R2_jpg.rf.9c38ff01621dce6f68830b717e916f64.jpg,R
X22_jpg.rf.9c8c031f3c4c6b513cbedecb01fefa31.jpg,X
I0_jpg.rf.9dc9f090b7475a65889b24265858d240.jpg,I
F10_jpg.rf.9d3c47f2b612c602d7d0a36385a152ba.jpg,F
Q17_jpg.rf.9dc6c576f5549b61709365de0289c31a.jpg,Q
N3_jpg.rf.9e0da901b299403c15147ae8c50d994e.jpg,N
L6_jpg.rf.9e25afbd57f6148c26d0b0e666b95008.jpg,L
D26_jpg.rf.9e113b47eda9f5586d51f646e2c71814.jpg,D
V13_jpg.rf.9e2ffa9422f53406035f9c6488a66ecc.jpg,V
G6_jpg.rf.9e320312161415318d61e5e289238474.jpg,G
Y19_jpg.rf.9e9bd45a855af44597a6b7a9b5bd6f6a.jpg,Y
L17_jpg.rf.9ef44d0df7cbb689066651161a70d960.jpg,L
Y1_jpg.rf.9ef2d22e8f554cc0671075c5a3ed2483.jpg,Y
O10_jpg.rf.9efa4d007801ab69abc49336b48359a7.jpg,O
Y11_jpg.rf.9f541a43d08e04e61b96a6d4c0038cc0.jpg,Y
I25_jpg.rf.9f10bb4baabfd5904f741d5363faf943.jpg,I
O21_jpg.rf.9f43bdfad676f0d97c1bbf7cac946f16.jpg,O
W10_jpg.rf.9f7fc2e1124520f27ce85b9a2d021259.jpg,W
A27_jpg.rf.a01fe29d02057b7c0d876bf8ccacd255.jpg,A
C6_jpg.rf.9f80dbbfd3bd0b4b9ec4a5d40adbc9bb.jpg,C
M8_jpg.rf.9f82d2c7577d0af15c22bca5cd2f1add.jpg,M
R24_jpg.rf.a04d37ea0dce95e7537dad9fbb3ada14.jpg,R
B24_jpg.rf.a0824d973cf96253c3d7371996bb4af7.jpg,B
S29_jpg.rf.a11f025e9515834b1078f51b49f74018.jpg,S
K19_jpg.rf.a124825809a5094a34702c322ff0c53f.jpg,K
Z15_jpg.rf.a12770795bcce108029932e638b65a8f.jpg,Z
W13_jpg.rf.a13316604ffd0e8924f349398996492b.jpg,W
P11_jpg.rf.a133cd006493e4185057697a4fcb8cb1.jpg,P
R2_jpg.rf.a142629a8c0012120be00ed6e32e5e06.jpg,R
E19_jpg.rf.a15da0c7e1f6dc1c89b23b9bc8b6c4a5.jpg,E
F23_jpg.rf.a1c93723f021414543d098dcb7c70e3b.jpg,F
M23_jpg.rf.a18313130a192cb95e5bc7edfedebfd7.jpg,M
D2_jpg.rf.a183e05bb9e6b5d2bc1c293d4326502b.jpg,D
W3_jpg.rf.a1ca46c8bfe3ec89ae3a8dac2beb824e.jpg,W
U10_jpg.rf.a1cf715f7f06a68998f067afef20cb28.jpg,U
B17_jpg.rf.a2125c5f9b4c51b033327a6b0b2ee389.jpg,B
X7_jpg.rf.a20e2172a3876ca86d90bdd5e3f08533.jpg,X
N3_jpg.rf.a237e0819785b78fce4c4f21c3d01696.jpg,N
S20_jpg.rf.a282e308a7090bfe1034f786e7bddee8.jpg,S
R1_jpg.rf.a257cbb8565c637a1ab4285726338f9a.jpg,R
Z15_jpg.rf.a26f0ba92e8ae15a6bec6598f867b061.jpg,Z
N20_jpg.rf.a2dbbc81a60a85d3c83aad148850fd45.jpg,N
D9_jpg.rf.a31596dced1ed4fb0ae2e5759189e39e.jpg,D
J0_jpg.rf.a2e7e5aed5673e411fd1baca0cc34a4a.jpg,J
F28_jpg.rf.a347f4e87125121d264118f7b9df44d6.jpg,F
Y2_jpg.rf.a349391ff1e9b4ce7f779065b7b2e6a9.jpg,Y
F27_jpg.rf.a394d28342f96819552cdacded6acfc3.jpg,F
U0_jpg.rf.a351d1815bff0e5e27a706d8fcf6f708.jpg,U
P4_jpg.rf.a3e9118aaea9823a0337b2b7b1be60ec.jpg,P
S7_jpg.rf.a423893b49860b7891ec1c8cc97936ca.jpg,S
E2_jpg.rf.a43f19cc5803acef271706896a228162.jpg,E
J33_jpg.rf.a445854ac4ec4ed9187c4033c936d722.jpg,J
K26_jpg.rf.a4a32b22fe4847f7f1276f3b311f7b8c.jpg,K
L23_jpg.rf.a48055b8cf4629cc186c97cba9bbc47a.jpg,L
S3_jpg.rf.a5bc8e77504a08380e0dfc418932263a.jpg,S
L7_jpg.rf.a4a99e404bc702e0354e4d0ef842a200.jpg,L
S15_jpg.rf.a51829cfdd4a697cdb43c85122f50d2b.jpg,S
L1_jpg.rf.a5cdc6ba48732365fc1b752f923e580d.jpg,L
S26_jpg.rf.a5eecb26e2c6b281d86754c20e25c5a9.jpg,S
X19_jpg.rf.a5ef3027c45cbc08a482bd80e800cb2c.jpg,X
C7_jpg.rf.a5fd0ae832514603b91bffc155131179.jpg,C
X4_jpg.rf.a611bac9f5f77d76cdadf436fdebbd91.jpg,X
A12_jpg.rf.a6af764b7540d62daadf4d88cd39bf67.jpg,A
R13_jpg.rf.a613d28c9af1a4ca905464c74468f0cb.jpg,R
Y9_jpg.rf.a65336fbc22d605d63c15b1b1f316f6d.jpg,Y
S8_jpg.rf.a6fc375e5671f87b32ca0d691750a310.jpg,S
G12_jpg.rf.a773566896b476939729375fa3b5ad4e.jpg,G
J13_jpg.rf.a755c49bc5a3dbeb6a3793227851aa53.jpg,J
A0_jpg.rf.a79ace20ea42b8f94360cef8aaec4030.jpg,A
U4_jpg.rf.a7ac80850fc36d2f3d5e947c2f92ab8b.jpg,U
A16_jpg.rf.a7ba528015bff1d5f076ebc2510082e1.jpg,A
I26_jpg.rf.a7b63373edbf3399e8056ed085912cbc.jpg,I
U19_jpg.rf.a7caaca00b9f765d06ce2b4d249231b7.jpg,U
Q14_jpg.rf.a814e740944ca15a90dcd2ba14c4e69a.jpg,Q
J3_jpg.rf.a7e1e95ebc5aaf0ee5647e3cb2fb763c.jpg,J
L10_jpg.rf.a80228ff3aa6cef6b7dd02efeeb89c6a.jpg,L
U22_jpg.rf.a85f084efc438d9259c714b1db820695.jpg,U
E8_jpg.rf.a863c77bc0b3b7d0bc0f225e7aba08bf.jpg,E
J25_jpg.rf.a8a578110702c2fc4f57ee916eb7af75.jpg,J
I23_jpg.rf.a8c38824ead79c16249bb349ad48cc45.jpg,I
Z6_jpg.rf.a8c0988bf9701e6d6f72761fde6dfb38.jpg,Z
Y22_jpg.rf.a9561ce5b6e31fb2382eaacd2604b753.jpg,Y
J13_jpg.rf.a9f44e6c303c295651a24c1ec0f200d9.jpg,J
J11_jpg.rf.a9e6ab97a4377c361739865881eac00f.jpg,J
K25_jpg.rf.aa60dd14efaef3670884f83f5e8e0416.jpg,K
N26_jpg.rf.aaad75a3f8ee527d151e908e01d069d9.jpg,N
B11_jpg.rf.ab157a1ed10cef51d66cfd6da805a581.jpg,B
C20_jpg.rf.ab197d4732b19a26955eb697b752c0da.jpg,C
Z17_jpg.rf.ab719b2b3051cfceb985af9c5d91c7c0.jpg,Z
L3_jpg.rf.ab68bd8183058f6a31848cb3d9e37b18.jpg,L
B16_jpg.rf.abc30cf469e74a3ca3ebe2242a9380ae.jpg,B
V24_jpg.rf.abd8ffef81dc9198852b35505e6f5bf2.jpg,V
P14_jpg.rf.ab7961dc546796b871d4d1d4249712b6.jpg,P
V6_jpg.rf.abe8dcc914d6553a39478c1979b4f1cf.jpg,V
P20_jpg.rf.ac18a648f041ea35d7b08f241c5ef2a4.jpg,P
Y15_jpg.rf.aca2466b3c911a5e1c8a4064d0047c4e.jpg,Y
I24_jpg.rf.abeadd94c8631921b7e4019101a42673.jpg,I
U10_jpg.rf.acb9242e5cbc57a2b47ff6993460b365.jpg,U
I29_jpg.rf.accebf92a36a2e237d47a354b6d5f18f.jpg,I
C21_jpg.rf.acf50ed5e3a1dd34d903ba5769a62319.jpg,C
C21_jpg.rf.ad221e5196fb2c747b9b8962de8c48b3.jpg,C
B8_jpg.rf.ad0c398b1d9d6a140366dec45163688a.jpg,B
N14_jpg.rf.ad8c5bb14931850e4f6275728c6649d8.jpg,N
I15_jpg.rf.ad23ee3b1bc3d007e1b2ada25163ed30.jpg,I
I4_jpg.rf.ad9df1e05c3fa1a8d864a6168795b84d.jpg,I
M17_jpg.rf.ada0001735e2863080c683069fc65a36.jpg,M
Q25_jpg.rf.ade8cb837424aad88ac8c9de8fa67da9.jpg,Q
J17_jpg.rf.adc900700eb788c020757cd78fddfb46.jpg,J
W15_jpg.rf.ae06a83d42ddc720d55c7c26087c5f2d.jpg,W
A13_jpg.rf.ae43f794ac52ed83c47f4df799a3504e.jpg,A
I22_jpg.rf.ae3bdc351d37b68b1b8bff8b8bdbc52a.jpg,I
D25_jpg.rf.ae3ef2e7257fde632de81a3a21678b0c.jpg,D
H20_jpg.rf.ae4f866b051c949fbfcc4e5969baadf5.jpg,H
J10_jpg.rf.aeaae1e17cb69eb3d5d390e5fd8acc89.jpg,J
Z12_jpg.rf.aead6bf7e0fc9e542174f72ace2bea05.jpg,Z
D19_jpg.rf.af3390525da00a182d7714b628b21890.jpg,D
M11_jpg.rf.af0e689c003d02775b2028011bf46500.jpg,M
C8_jpg.rf.afc31b2e728dfe9eb0a92bc66ed0ecbc.jpg,C
K15_jpg.rf.afcb8205efd3f2c7f74179d4eac59ebc.jpg,K
J21_jpg.rf.afdfde9531a67417b4f7f3610694128c.jpg,J
Z23_jpg.rf.aff14a2d63ad5cf50d9bc3a4bad6a1f9.jpg,Z
F18_jpg.rf.b00507954dc206121d607ca80cc70b09.jpg,F
K14_jpg.rf.b032c719d888e4795800a1a9ec27d7d1.jpg,K
J1_jpg.rf.b0139cd665378717a7b15ade98c6e1e3.jpg,J
V24_jpg.rf.b0534d7dd8c3f70eeb7b03c59ea8d3c2.jpg,V
X15_jpg.rf.b0f452c30c74f81141324ccf7bbb07b1.jpg,X
A8_jpg.rf.b1f2cc51e5c09b11c614fecf4d2995f4.jpg,A
I7_jpg.rf.b248f2a4378edf37cb0ea8b03f378442.jpg,I
Z14_jpg.rf.b200298397492aa1e9e1b58440d8edbf.jpg,Z
S13_jpg.rf.b294d4baa969f317fe41b00591f4abb9.jpg,S
M15_jpg.rf.b397980be97cc024f133dbd2d8a4fcdb.jpg,M
B4_jpg.rf.b39ad92d94c21068eb73c14768c29eef.jpg,B
X10_jpg.rf.b3a5b7e5bc428750c647f9bbe18f2099.jpg,X
F24_jpg.rf.b439c3fcb01186c832c07b105383ea93.jpg,F
K14_jpg.rf.b455bea6fe1dc61f1b5b49d6ff88526d.jpg,K
S20_jpg.rf.b4495030e6951a2709d860d257ed11a3.jpg,S
D27_jpg.rf.b458c2d4f8fb31a741c84c5f331cdf70.jpg,D
X0_jpg.rf.b45be700e01659be6f0d1338eb4e5ea9.jpg,X
B8_jpg.rf.b47d3b0de9b108a7f19a0084babe8636.jpg,B
N24_jpg.rf.b46b55bbe1e9adb6fcf27d979e9db5cb.jpg,N
P19_jpg.rf.b48e3b69b3e9b863075c2462a5e4dd9c.jpg,P
N13_jpg.rf.b51614c6e42508cb8623880c906f0fb5.jpg,N
O2_jpg.rf.b4a66881c43730dfa8d477ff66f7b26f.jpg,O
H23_jpg.rf.b5691f8786672d48e042c29990fdcc0b.jpg,H
P3_jpg.rf.b4cb115ed877d2f02832af4fe993cc67.jpg,P
T3_jpg.rf.b57ea6b3cb3d635d879b669047a5ae0b.jpg,T
J15_jpg.rf.b5d6738e225226c47a4a74f4218a325b.jpg,J
O18_jpg.rf.b5dc12a4a13440790fb41be1da604700.jpg,O
G0_jpg.rf.b5c7bbeec2ccccbbd0b6e96851d8bffe.jpg,G
M19_jpg.rf.b6071dc5f662dde1884f3d9258f988f8.jpg,M
S29_jpg.rf.b661aab69dbd76c5252db309fcd420c3.jpg,S
J15_jpg.rf.b64d42e4323a19c0295cd11d64adea44.jpg,J
A25_jpg.rf.b634b38aff4d380480afe15240abffaf.jpg,A
Z1_jpg.rf.b74a9ea1348a5ed008b4ca33c88d4f93.jpg,Z
K25_jpg.rf.b7430b01444b7b3dda9f5b5eff5ab5c6.jpg,K
X11_jpg.rf.b70080abecd5dd21890ea4bd42f84434.jpg,X
Z5_jpg.rf.b6f759aa37696436dbfadbb167230f40.jpg,Z
X18_jpg.rf.b790831778f3f3e395b653852c67066a.jpg,X
H11_jpg.rf.b857162b6a635503ddd6eb46e0039551.jpg,H
E3_jpg.rf.b7eb371c8ae5a02ac732cb5c3f471525.jpg,E
H22_jpg.rf.b82be36228ab41a2c439b5eb658b4360.jpg,H
Q19_jpg.rf.b85a401d4a1deb785663283cf053f985.jpg,Q
K17_jpg.rf.b8b0d0f71aac008669cc4e280a73b080.jpg,K
J31_jpg.rf.b85dcb4878217e725a54f0417c46fda4.jpg,J
C24_jpg.rf.b8cbb833603ebbf09d3e80929b57be9d.jpg,C
L13_jpg.rf.b8cd7bbf8ddcd5fdb126a597cfe7d311.jpg,L
M11_jpg.rf.b8db8602a4b524db3282fe13adea2e75.jpg,M
H23_jpg.rf.b8daa0441a0178d9496e6dcc003567c3.jpg,H
E23_jpg.rf.b8e85cba1d6178061f8564c7800c9f3e.jpg,E
J13_jpg.rf.b919071bb39a291fe0a16f857396f03c.jpg,J
O15_jpg.rf.b9b016b36ec2750c26f5f83ae9ab7b83.jpg,O
J20_jpg.rf.b968be6b0d236660bf244a78711e968b.jpg,J
Q6_jpg.rf.b9e3040b7bdf8fca156aff1fa376141e.jpg,Q
T20_jpg.rf.ba549b1fbd78f223da24c58d0e70ad28.jpg,T
B20_jpg.rf.ba7e2416ab8d1497ca22cc56956367b1.jpg,B
E12_jpg.rf.ba97ee9afb51c731e7d870ad8146b885.jpg,E
S5_jpg.rf.bad1cedd24fd7abf7f775734ff57a3b1.jpg,S
J32_jpg.rf.baf7a1382ae392410f44cc25a037364b.jpg,J
E1_jpg.rf.bb58cbde3ccebc11ebdc7702013c6501.jpg,E
F9_jpg.rf.bb7bbcfaa4bd49d32055ec51fddb20b7.jpg,F
H8_jpg.rf.bb9fc6bc51f759dea012dc6a71262236.jpg,H
E22_jpg.rf.bbc329c64df9596f31c5454da8aecec0.jpg,E
I24_jpg.rf.bc61f2e8907a28a5d95c0258dfe13bdb.jpg,I
V1_jpg.rf.bbe1ec117abf8949bb4f59b58eb211f9.jpg,V
N25_jpg.rf.bc9762401ff30806b764265cdf4cc5c3.jpg,N
M1_jpg.rf.bcdac9f6a7e836fd4b94160062941c5e.jpg,M
K7_jpg.rf.bd3cc7f03559a5257494f42f90f787cd.jpg,K
R14_jpg.rf.bcfdeece1d745a1d3993b05c80bcd370.jpg,R
S12_jpg.rf.bcf2423eb22a200724c5fb0b9811c08a.jpg,S
F22_jpg.rf.bd4c140b2928c870f5947764472fe0c0.jpg,F
U23_jpg.rf.bda5444c4f270dedc6326b314abff183.jpg,U
C12_jpg.rf.bd7ede8f60e096a0fefff3d00d69757a.jpg,C
E21_jpg.rf.be0b3ea585a5452196d7f15dc455d762.jpg,E
Q23_jpg.rf.be1cf5ba3056c11d82fcc5a5de48de1c.jpg,Q
L10_jpg.rf.be496128298735337ffeb94a3a1f33f3.jpg,L
V13_jpg.rf.be5f81d0c35981669424b42a610ad935.jpg,V
W13_jpg.rf.be6ea4834bef8c63552e85d5c12546ab.jpg,W
W21_jpg.rf.bec49089dbcba05353785dfb3d6e9407.jpg,W
W5_jpg.rf.beadb3bbea6c3e9d2601c2cb8e567312.jpg,W
A0_jpg.rf.beea8a405220871911fb117e36526deb.jpg,A
A11_jpg.rf.bf055dc8a9a5a85bed0cc1f792c56a01.jpg,A
S19_jpg.rf.bf143598f540be11f9dca8888070eb63.jpg,S
Z20_jpg.rf.c115813a2f60d4f239546c931101270c.jpg,Z
Z17_jpg.rf.c0eb891370348e27317a438ffadad81e.jpg,Z
I12_jpg.rf.c10b0eb2986826e49eab5a762f0d55db.jpg,I
Q25_jpg.rf.c121126193f206cde238ae6311c5b88b.jpg,Q
Q4_jpg.rf.c14d3d8e9158488f4d00e6996bbd09b9.jpg,Q
B13_jpg.rf.c13a25ad892a1fdcb79ee99acfa698a8.jpg,B
L18_jpg.rf.c1682d30473c71c4bba7a94c60a1ed74.jpg,L
Q15_jpg.rf.c1a8ac254417a095a40237f56137162d.jpg,Q
J21_jpg.rf.c1da1d3b649009d9c33048d5f4aeea7c.jpg,J
Z13_jpg.rf.c209126c15018459b246a0e73379bbf9.jpg,Z
V5_jpg.rf.c1dbe0a1d603ddc610659d2bf6f84648.jpg,V
V19_jpg.rf.c218fb5d7c9486d768d8366e6920baa9.jpg,V
P22_jpg.rf.c244245dab3f440d5e3e77d1487bdde7.jpg,P
Y22_jpg.rf.c246835235cca560199ae2ca06a79847.jpg,Y
F14_jpg.rf.c244800f96c233271e27fd60c37fb34b.jpg,F
J17_jpg.rf.c2bfa3c5126db12c100651591ff20cff.jpg,J
B8_jpg.rf.c35c7270b4beba7e31bbb9dae22d5c82.jpg,B
J25_jpg.rf.c3184bc0e1245d145144468b9a0150ce.jpg,J
M2_jpg.rf.c375b1a1f866fcac4b80b8de12fdf925.jpg,M
Y4_jpg.rf.c3a98732c8ac8a605fb18df4ba90857a.jpg,Y
I25_jpg.rf.c3b17ea0db97f65668c727a2191207df.jpg,I
U20_jpg.rf.c3a9ddf27b1f4895556aaf888f785784.jpg,U
X8_jpg.rf.c3ac568db728957abb6dde800623da02.jpg,X
C4_jpg.rf.c3db9ad78a50fe5d749e3ab1e9f33742.jpg,C
V14_jpg.rf.c3fa791d8537ddd98a8330dfe10b6010.jpg,V
O26_jpg.rf.c479cbbfa52e8717c9a1c96fbe5357b4.jpg,O
G14_jpg.rf.c42c617051036591c7d8b47eb3bad429.jpg,G
A1_jpg.rf.c4ccc21338f79e0f68d89dfc817ddd1f.jpg,A
M15_jpg.rf.c4e348d86e294476726358d17432a750.jpg,M
W5_jpg.rf.c556b617af0eb952b41fca679e8f0358.jpg,W
B16_jpg.rf.c5a3ebe84afd822abef025716af0399c.jpg,B
J0_jpg.rf.c5c8fc0404323b2dd17ccbd17ecacd88.jpg,J
T9_jpg.rf.c607f88c2d171ab2e0b720e3aedf1fb1.jpg,T
M3_jpg.rf.c5fe2f7df1fdce631b69c90c4fa0970e.jpg,M
O9_jpg.rf.c61fbc9b1ec68349f5f7da3f96451e82.jpg,O
H12_jpg.rf.c6e4d175bd242e793456f9a8dfad8bba.jpg,H
R16_jpg.rf.c6fa1889e0e3d5a3848b446a86e91a86.jpg,R
Z10_jpg.rf.c75958a9334a954c10692d61c2c04f64.jpg,Z
W1_jpg.rf.c70229091f5f20b44d3081d960f4f0b8.jpg,W
O25_jpg.rf.c771f572ff41e1c7e2a5fe97387c2787.jpg,O
K11_jpg.rf.c77c63edd7459392f075467f98be8695.jpg,K
S11_jpg.rf.c774a0072364a36a6dacad88c57304fa.jpg,S
E1_jpg.rf.c7db718583051dfb4ea52b76d165176e.jpg,E
P6_jpg.rf.c7fab758b5d67e87c1141a9f8b6cf109.jpg,P
G27_jpg.rf.c828cf1e5c3b95904019ba86b00721f2.jpg,G
L5_jpg.rf.c83eab64405668a23a11eccc6988ca8f.jpg,L
N2_jpg.rf.c85460f1ff7455fbef19573cfd3c21db.jpg,N
R23_jpg.rf.c891c4e93e1bf86632e011691ecbe679.jpg,R
J31_jpg.rf.c86ea0e7ec45d8528e11306c8a70aa5d.jpg,J
A7_jpg.rf.c87a086625b7c5db62e61655f42e0ae4.jpg,A
R7_jpg.rf.c89342699cdb59cd6fcc4d6d515ef898.jpg,R
H8_jpg.rf.c8ad771f06ce72cda8e302ece4f28fcf.jpg,H
S1_jpg.rf.c8b15b31501e39d1e2d6ddfa4211043c.jpg,S
M22_jpg.rf.c8d94dabdd8eb27af53e313b95684480.jpg,M
J10_jpg.rf.c8d4e597413b65fd6363d0a0577d8f45.jpg,J
S10_jpg.rf.c8dbcf718fe09bc3f9f91e1b595c10e1.jpg,S
P16_jpg.rf.c8f1dd0daff479de207233c3e5bb9875.jpg,P
K8_jpg.rf.c8df4918b176902ee61bd5b252ad9e1a.jpg,K
L25_jpg.rf.c8fee1c6ab4f596e63ae66be10d42be1.jpg,L
T10_jpg.rf.c9184e97594b53eb030920418cd52c69.jpg,T
Y2_jpg.rf.c953e242457ab91cf6a7d2502051aa7c.jpg,Y
L2_jpg.rf.c9a43ec25132c92ecb347b8e24c376dd.jpg,L
L19_jpg.rf.c98a14f51f1df6eb54182831a12fc2c0.jpg,L
X16_jpg.rf.c9abfedb94accdad99aff6ef822edb39.jpg,X
G24_jpg.rf.c9ed63fb8ea3dd9d8b2ad866f8b5aa16.jpg,G
Y12_jpg.rf.ca9035302ddb139a3304395c13269571.jpg,Y
J0_jpg.rf.caa761a30f7e16c2d745668f9bcc8177.jpg,J
U12_jpg.rf.caab030d17c3d09fd2aa7a6f251fdf58.jpg,U
D24_jpg.rf.cb3cf7b04b5f557f7b11b3a97f83aab4.jpg,D
F27_jpg.rf.cb7a3f5801360dca7c5bd957ef86fb34.jpg,F
H22_jpg.rf.caf6284be939baaa27a8fba14e56023a.jpg,H
G25_jpg.rf.cb869f53cf2ce3aa198d100df9219ddd.jpg,G
X6_jpg.rf.cba76a8396d82d53bfc43e218372df27.jpg,X
F26_jpg.rf.cb8796564c215d2a13326f696c9526e4.jpg,F
I15_jpg.rf.cb9b7683012629418f85098df2812742.jpg,I
I29_jpg.rf.cbcb28f9ec66d1c14621dfbb02850f5f.jpg,I
X15_jpg.rf.cbe362b93625ac37cae2947696df45b3.jpg,X
N11_jpg.rf.cbf31312b398614771001104ee946bae.jpg,N
R11_jpg.rf.cc06205ba531fa647be4c96bc06f1f34.jpg,R
A6_jpg.rf.cc599760fd37ea163dcda60c01837b12.jpg,A
I1_jpg.rf.ccc50fb6e3430bf8ef09b29f52cd0cd0.jpg,I
P20_jpg.rf.cca700a498c46a597c5416076cb383e2.jpg,P
B11_jpg.rf.cccec888adf53cd42f03493fc3806852.jpg,B
T14_jpg.rf.ccbe1ccadd5a7b8eace3e06c1815c727.jpg,T
Y8_jpg.rf.ccd5d9ebf920f108455ff8c15910c6d6.jpg,Y
D10_jpg.rf.cce8ddcd70c8169d500b162a907842a8.jpg,D
S23_jpg.rf.ccfd91c75fbec52c6ca4c6359dfff9f0.jpg,S
A13_jpg.rf.cd081f003a915ff50ed9e2b3860e1eb8.jpg,A
D14_jpg.rf.cd874c8d44a1be91c3a1751d7d79fbe1.jpg,D
I3_jpg.rf.cddc9518039dae2728a1c293af20055b.jpg,I
A18_jpg.rf.cdfec85406c77cb02c76566b4abb99a0.jpg,A
P7_jpg.rf.cecb008bfe853ebaa4979b3f97013171.jpg,P
Z25_jpg.rf.cede51688571bb8a931ff6731ad8c90e.jpg,Z
F14_jpg.rf.ced78c6e757a100c9f8dbf2edd767e1b.jpg,F
Q3_jpg.rf.cef2c93817228d882dadd8e06ce87eac.jpg,Q
M4_jpg.rf.cf07293744b055d2b1f0972ef342207a.jpg,M
A8_jpg.rf.cf020fb91cb152037beac09205c22057.jpg,A
A12_jpg.rf.cf08b7c130475ef3bb26c390fb8e420d.jpg,A
D21_jpg.rf.cf0fc16f82facbf71f6214e64786b816.jpg,D
E11_jpg.rf.cfb557e119c9bd2122afc43e476fd520.jpg,E
A4_jpg.rf.d03522dc177baa9498936c8f8d1ddca7.jpg,A
J1_jpg.rf.d0108d67d35575d9198dc5bcb47d49ba.jpg,J
E17_jpg.rf.d020e3a8d2f6ef381cbebed2609d1551.jpg,E
N2_jpg.rf.d17742108eb47932d82859f6c6a4ff70.jpg,N
M19_jpg.rf.d0680b7370c2a2c20e9491b008d82d03.jpg,M
J36_jpg.rf.d09b435b559455b2e8f6dd1a461482e6.jpg,J
Z6_jpg.rf.d0ce8725d2b74f7c6922eea3cf1619ac.jpg,Z
O7_jpg.rf.d178e278299696e1e5822759066b8272.jpg,O
D13_jpg.rf.d1c61c19e778e7a3da9c35b46ae8fd40.jpg,D
U0_jpg.rf.d183c3cc0e401c0a7cf4e99d9c59025d.jpg,U
W14_jpg.rf.d1a3891ebf45f4d394d5ef3ad1dc78d8.jpg,W
W9_jpg.rf.d1ee0477e52c34c22c16d1144a9ac94f.jpg,W
F24_jpg.rf.d20a210eb1931d350fee49615fed039e.jpg,F
D10_jpg.rf.d246872b276062f3209d89e89ebb32b7.jpg,D
U8_jpg.rf.d2d85d0e1ae472a7e16e73cfb4be73c6.jpg,U
F2_jpg.rf.d32078d29c977657aedfd6795a524a81.jpg,F
O1_jpg.rf.d34de0834203ec84df5a6f16981312a8.jpg,O
S12_jpg.rf.d36f446eb042186bfb7414d3132bc586.jpg,S
I9_jpg.rf.d35b6e917127e0697768724b847347c1.jpg,I
L23_jpg.rf.d3a1759ef28882e2b290b8d4a0eb0e65.jpg,L
X17_jpg.rf.d4248502efb4c440f19daf1af0dbe5ca.jpg,X
M19_jpg.rf.d3b20ddaf332d899c9148014b1bd2034.jpg,M
F18_jpg.rf.d41f24b48de964abf281fa96483b0ac7.jpg,F
V14_jpg.rf.d46a757a1bb011fb58ec9bb7196d562d.jpg,V
B20_jpg.rf.d4905ccfc4b87bc74e50bbb0f302f049.jpg,B
D27_jpg.rf.d48548afd89a90c6c4f665d8461aab47.jpg,D
G28_jpg.rf.d4b5241bf85bc1dba0a34bda286fec0f.jpg,G
H28_jpg.rf.d5317b701de30d4fcab0607a552a30d3.jpg,H
T9_jpg.rf.d545de7c5f90949ea31fd50b990afc52.jpg,T
T15_jpg.rf.d5370e2e397eaf7645e52b7f03ea2f16.jpg,T
I27_jpg.rf.d55af66cb9a6ee52b1c9299a6f99826a.jpg,I
S1_jpg.rf.d57adf7948c0141f1d50fc16c8482679.jpg,S
C18_jpg.rf.d5fc15e61a0181749c2f962c466f0714.jpg,C
H16_jpg.rf.d580dc9274dacec3bcc50b6d06005f98.jpg,H
I23_jpg.rf.d5a4451e540c455574d6d707830cdc62.jpg,I
M8_jpg.rf.d6181106122c9f1273f057bafe2d9ce6.jpg,M
S13_jpg.rf.d649c07d2760c406425c9fd60a895c7a.jpg,S
L8_jpg.rf.d62f465a90d226d7bd0b8e03fca6b8bb.jpg,L
N14_jpg.rf.d66ec48459ea666c501a97d360d8b769.jpg,N
K4_jpg.rf.d6c7fd0d2a1c01f54c78e9c1109ef5ca.jpg,K
C11_jpg.rf.d73e10eef3b31268cf707d132323700a.jpg,C
I29_jpg.rf.d6fddff871678ed1cdaf47faf3f877c3.jpg,I
N14_jpg.rf.d711d4a495f0f5b865d419467c561f59.jpg,N
G10_jpg.rf.d7ca319a75dcd674389b1c744a6d7032.jpg,G
T14_jpg.rf.d7e177eb44888c247b2349500de103a6.jpg,T
B18_jpg.rf.d81b3f6155fed0909953936a739bfedf.jpg,B
K19_jpg.rf.d81925d2d8bbc87064506e368a8fb4ed.jpg,K
Q2_jpg.rf.d89282c4d9e377048f24bff9b9149f30.jpg,Q
R19_jpg.rf.d974cf4fad92cbbb0d00a55c84f88f3d.jpg,R
O24_jpg.rf.d91bd53448757ff1c2108f7510579223.jpg,O
C3_jpg.rf.d91cace8c665c24c4423104768a9bdb1.jpg,C
J15_jpg.rf.d99334d431315f29da4cd24d4d649a21.jpg,J
H9_jpg.rf.d9b58c3ffad4b10e18e5a289baa6b85c.jpg,H
D25_jpg.rf.daa2386d3e6c71b7a45d096b8948fba9.jpg,D
Z1_jpg.rf.d9d061beae87c9a13f3e776076220a8b.jpg,Z
G6_jpg.rf.dabb8e9cdfe6ceb4d5483744b30c3e12.jpg,G
O15_jpg.rf.db2897d07d4dd56509113e0766611142.jpg,O
X25_jpg.rf.daef5bb87f877f1dccc668f071a03846.jpg,X
L8_jpg.rf.db2cce4fc915c2d1fd3102e43e2a929d.jpg,L
D14_jpg.rf.db2f3d25f95c44309de719ef46cdeba3.jpg,D
L5_jpg.rf.db3cc2c72459df50ac1b7a41ea20a670.jpg,L
B13_jpg.rf.db3097a593b6edec7e499852925cb854.jpg,B
U4_jpg.rf.db34e86828f1538262e443a02b5f3c29.jpg,U
A7_jpg.rf.dbc8c7c30210fbba54002c603f443b5f.jpg,A
X6_jpg.rf.dbff8080be9bdb7f24e716eda2cb601d.jpg,X
K21_jpg.rf.dbd67c303fb29881ac659f9e9353c4b7.jpg,K
Z7_jpg.rf.dc0f0cacd616f6d1009a7accd4ab0e2a.jpg,Z
J32_jpg.rf.dc0f95718362bb9b173267a2c1efe7dc.jpg,J
J19_jpg.rf.dc3141184f8fe69b24a32e004fc6b971.jpg,J
Q2_jpg.rf.dc693ce9450893538e07b0f575e34a03.jpg,Q
F7_jpg.rf.dc42a40c0acd5cc2f309d179b0679f2a.jpg,F
V17_jpg.rf.dcedd7b0782bcc3c1df65a4eec61d4f2.jpg,V
W11_jpg.rf.dcc540d2df5fba25bc9b89a4606cc9bb.jpg,W
P10_jpg.rf.dcd556b0e34e1ccafe32b7e4c650f42c.jpg,P
S8_jpg.rf.dd0d9ac79f83c65651da27d96c3c0988.jpg,S
M17_jpg.rf.dd1098b547010921bbc54c37dd4d5035.jpg,M
J22_jpg.rf.dd1e7d9beea336be8960e64202f4d41e.jpg,J
A19_jpg.rf.dd7e736410be65dec70415c3b00500a2.jpg,A
I18_jpg.rf.dd91753b3b6b7e6e32df2d15968adf29.jpg,I
I9_jpg.rf.dde8e9981e0775c74c4c65ec2970f5fd.jpg,I
K22_jpg.rf.de2eea95fc720573b025a9070556a116.jpg,K
T21_jpg.rf.de482df480954e9d1909c2c21ad1f27d.jpg,T
H7_jpg.rf.de6fef7f8517ede6a67c0f318fc8f3c1.jpg,H
E12_jpg.rf.de4c70ed7b79826667ab5de4c839e50b.jpg,E
D4_jpg.rf.de8433ac510b064e782f4816978e3e97.jpg,D
L24_jpg.rf.de942fed1590df6c1470817a21246deb.jpg,L
N8_jpg.rf.dee7f7937525aab7172c55d4d7ae6d10.jpg,N
A26_jpg.rf.df50493a9970cad3fcc2f942da008969.jpg,A
F21_jpg.rf.df6a6428305d0e14e98369fae4813b15.jpg,F
O14_jpg.rf.df7a8fabf8dfbcc45a9a4fee5636225f.jpg,O
Z13_jpg.rf.df5c48460fe9d23f8fa2597d23efd2d4.jpg,Z
P15_jpg.rf.df7aa0e3024b57122c185e55dafc2c33.jpg,P
E24_jpg.rf.e0373ac336a3057e59db86a7be244989.jpg,E
X17_jpg.rf.dfbad9ddf9119c472713fbf573765906.jpg,X
P7_jpg.rf.dfc3b27d3a7eebe7571dd73673de9307.jpg,P
T19_jpg.rf.e061682b688026bd207e1a1419ea9e81.jpg,T
N12_jpg.rf.e0d9a443d10e6bc1dde50d47ff3949e0.jpg,N
V16_jpg.rf.e0776ae9aa018eced61702fba2c39d78.jpg,V
H2_jpg.rf.e08f1a1a0ee918fb196b0ace89c47aee.jpg,H
E15_jpg.rf.e12cbd0e7be4630ebebdd6250cd76b9d.jpg,E
C5_jpg.rf.e16c2a097b885c325d790d56c39c3ce9.jpg,C
R16_jpg.rf.e1a0971599d4e160dacb7a71c39521ac.jpg,R
G22_jpg.rf.e16c951ceabe8353d7a62b62540fdb6c.jpg,G
N26_jpg.rf.e1eb13936e283c03a3fabceb5366c84b.jpg,N
A28_jpg.rf.e2214cbcfdad5a30778bc0fccf2fcdf0.jpg,A
N21_jpg.rf.e20c6d0f82c672b6f869f1a4fd7a0f67.jpg,N
L24_jpg.rf.e1fd0f2c2677c998fba3c3dccb7e5ff2.jpg,L
G1_jpg.rf.e22ffcdafc93d0f59f76e161f0398e8d.jpg,G
M11_jpg.rf.e2b25556138d77f4f4623470a5ed7530.jpg,M
E6_jpg.rf.e2d1308b9968734f373ea55c15f17ba4.jpg,E
G1_jpg.rf.e2cbd43294786e5e8e5508912a7d2227.jpg,G
M13_jpg.rf.e2daf639a286394c9b602c21480815c8.jpg,M
B3_jpg.rf.e2f090f60390a00e77a564c1f18bcff7.jpg,B
X4_jpg.rf.e2f2c6b235e95f166ea949b04f801d00.jpg,X
K21_jpg.rf.e3175a830adc3a54e1dbaa1935eefa54.jpg,K
Z13_jpg.rf.e33586c5b5871cf4e96eca9d08786aed.jpg,Z
J30_jpg.rf.e36d6e55f9f0ae19dd65172bfaa9115c.jpg,J
H9_jpg.rf.e34c52c0bd2d2f54a9d2cee4b3b478d6.jpg,H
P6_jpg.rf.e3b8420d28d0df75beea3e89f2569c67.jpg,P
X8_jpg.rf.e3c0763e1f03984aed3dfa0b378ee43b.jpg,X
R12_jpg.rf.e3dbb27c01cf6077dca09d5434cc7a54.jpg,R
S21_jpg.rf.e4224fa6abed5e1fc19fd8fa64c1cca9.jpg,S
M8_jpg.rf.e3f072f2cc57e60aad0cb5ffe5cd01b4.jpg,M
O23_jpg.rf.e432b5245f739c6b4779336803484d13.jpg,O
F25_jpg.rf.e43aa5b3641463b191ce8d9bbf96086e.jpg,F
B7_jpg.rf.e45ff70ea02654e6a765edba2603a9d8.jpg,B
L1_jpg.rf.e44e002dbcfce26ca84d1b8c3be4a99f.jpg,L
V26_jpg.rf.e4683f0dbcfa9c9611e09e8cfd02c2bc.jpg,V
N10_jpg.rf.e4d39b46e9141319333f11815b14261f.jpg,N
J19_jpg.rf.e48b6808342f54aa56d3d776cf0065bf.jpg,J
A2_jpg.rf.e4d1f7a2679ab0140ad27a794db563c9.jpg,A
X10_jpg.rf.e529ef4fe20efb544d9c6af051f8e099.jpg,X
V19_jpg.rf.e529f796070e58b433a85123b2dea8b7.jpg,V
L2_jpg.rf.e54933c64e575060a989478ceb9a7ea0.jpg,L
A23_jpg.rf.e51d3bcb559b35e4d5ba896de298c380.jpg,A
F12_jpg.rf.e5920ef120c3440576122c11b141be0f.jpg,F
A17_jpg.rf.e59e6baab9d6c91b09c3bca65404aed1.jpg,A
H17_jpg.rf.e601ae2622fd3a0ba2e4b58d88a694ff.jpg,H
G25_jpg.rf.e5a3c518c05033164c4b083441e6f929.jpg,G
H6_jpg.rf.e634c942e506cb86e77c067f43c7f692.jpg,H
Q24_jpg.rf.e6c835daf931b91866d0b232a95abde2.jpg,Q
H10_jpg.rf.e6f6ebec686326ec4ac840d649348975.jpg,H
K10_jpg.rf.e70a370a726d2e0f1996f321aa25411a.jpg,K
U11_jpg.rf.e711f70267991dec1389168f42a25c49.jpg,U
I2_jpg.rf.e759ab4a541159a2b65b89e1d92ea0da.jpg,I
I6_jpg.rf.e777252b29b845d02452566d242b3e6b.jpg,I
W8_jpg.rf.e76a494b4d06dc7026944cb29c967ef7.jpg,W
L0_jpg.rf.e78fbab52fe3d227d0c70b025db90b5f.jpg,L
A16_jpg.rf.e7c093d6900f6669ca5b4f16cd01c1e9.jpg,A
Z12_jpg.rf.e7d4e949fa2f1c32714202e7ce72247c.jpg,Z
Y14_jpg.rf.e81b709ae7138dfc2d91a1b48def18b1.jpg,Y
N4_jpg.rf.e83e4a424e2ba66e8970c66d9d0f8242.jpg,N
O27_jpg.rf.e84d99f05be54ffebde2adf50fdae9a0.jpg,O
H6_jpg.rf.e84df6080c3f89ec6c7c30f3bcbe4507.jpg,H
M1_jpg.rf.e8baa638b9f67b9365573d264feeb63b.jpg,M
R22_jpg.rf.e9175a212cf2a7f78d97c98fdbad8866.jpg,R
Y6_jpg.rf.e8d090388111cfc7121dde38abaf0393.jpg,Y
D9_jpg.rf.e9772d74d5e53e232a89fcda7408a639.jpg,D
I1_jpg.rf.ea33db5925da9b8c524fa15ab6311037.jpg,I
F16_jpg.rf.ea3e041644a7b76f830589aba2b1fbde.jpg,F
J10_jpg.rf.ea2c3ed75b4aa4570df7c84a2c1e1c50.jpg,J
Z23_jpg.rf.ea4b293399e15c6372b7441d268ba696.jpg,Z
T3_jpg.rf.ea6e58654e6f68de2e0b7b12ac1d9dec.jpg,T
Q11_jpg.rf.ea72d5275ae79b4508c8219275943142.jpg,Q
I27_jpg.rf.eb6611451393847924a21d41e1f7e7d2.jpg,I
W20_jpg.rf.eb55ea4c692a7b5e833a8d53d5562c69.jpg,W
R10_jpg.rf.eb16ecf260bd3853600d7ce4965692d4.jpg,R
B2_jpg.rf.eb77904436b69b3fa5a875b5d018a2c7.jpg,B
P15_jpg.rf.ea8b3b29dcaa786a87990a70a62a2536.jpg,P
N7_jpg.rf.eb8cf7b1cdad55ee2ce79528957fb77b.jpg,N
W8_jpg.rf.eba26439311bef07331e1638551dff7c.jpg,W
R1_jpg.rf.ebb366aabfcadd3f5687848d1641a68e.jpg,R
O14_jpg.rf.ebcb10c3ba61902c17b5019969e79fc9.jpg,O
G16_jpg.rf.ebbff71a268d4571309abb3e635a093d.jpg,G
O19_jpg.rf.ebc8aaf616665a1f6017f8837dfe59c8.jpg,O
I27_jpg.rf.ec2db890358f17869292a25ab56301b1.jpg,I
Y11_jpg.rf.ecccbf473066c8bc1ed46fc39fbdf828.jpg,Y
I8_jpg.rf.ec3b78b52cbc108e0b6ca480e3b17446.jpg,I
P14_jpg.rf.ec59751e7e28ab19928e00096ca47183.jpg,P
Q5_jpg.rf.ece1b371bd3b9865b13a6c3436632cb7.jpg,Q
C24_jpg.rf.ed5cf959b467cda4318fe300fcbf2573.jpg,C
W13_jpg.rf.ece3446a78337a829bcbd8d480609364.jpg,W
N5_jpg.rf.ed9076ae20a2d10f60d27928005b0aea.jpg,N
Y4_jpg.rf.ed950651c4b1a48d56e53cba5649c8a9.jpg,Y
G24_jpg.rf.ed9c5f116f14affcaccedfd52fd5c63c.jpg,G
G17_jpg.rf.edabbe6ac1a7dcb24cdfef0be0940ef3.jpg,G
T21_jpg.rf.ee24705127585fa1fadd75adeb68e007.jpg,T
G8_jpg.rf.ee0ae6c8e88c31bea22f9fbf6578ef39.jpg,G
P13_jpg.rf.ee4814384faa813e78b704b27732f630.jpg,P
W10_jpg.rf.ee44bd6478acedaca641bc728337e83b.jpg,W
Y3_jpg.rf.ee6b439eec8f20ddd48407fe96386d10.jpg,Y
X13_jpg.rf.ee9ae50c2625c7bf6c47852d5e93af96.jpg,X
O16_jpg.rf.ef26fc3ff420bdd1238bfd720cc673d1.jpg,O
D11_jpg.rf.ef33772fdd1429b6d6f08aa5edabc04b.jpg,D
D2_jpg.rf.ef68fafadb9c0afc220b4ed677771c12.jpg,D
Q21_jpg.rf.efb3bf4cfd8f291bc60fb2e50628468c.jpg,Q
E9_jpg.rf.efdc0472937b01578d7a9f3216c2333c.jpg,E
F6_jpg.rf.efb81ddedf7b398685af898a95d22a33.jpg,F
X16_jpg.rf.efc9858a53b05705d7dfde4cae5b88e2.jpg,X
S7_jpg.rf.f03a27fd08acb4e13ca8cb1108ab9ec4.jpg,S
S19_jpg.rf.f13dfc282ee341b185a0c7ad26888cbb.jpg,S
S1_jpg.rf.f054ea86602eb9790a0b131f502e1ba0.jpg,S
W2_jpg.rf.f08d597503f973cb58b18280d75ea84d.jpg,W
D4_jpg.rf.f1801b699355f9a84f26724621746d71.jpg,D
L5_jpg.rf.f18fe972023219d86da41ea1eb2b5b91.jpg,L
R11_jpg.rf.f207241a5b48f9f4f8e1dd0c31c4eac2.jpg,R
O21_jpg.rf.f1b80c4847c4d4649bf986bfefeb80c7.jpg,O
T19_jpg.rf.f20ea052912fba08fade29734b945871.jpg,T
I14_jpg.rf.f2e145f91ec5bc1921ce058078c73aea.jpg,I
F22_jpg.rf.f2b2608ddda4278402d321a0c6de8841.jpg,F
Y16_jpg.rf.f33ea43f62ea4f245d460b80c85d4bd9.jpg,Y
O24_jpg.rf.f3415587f4f07b20350d11f64cf93303.jpg,O
T5_jpg.rf.f36d1d223982eefc24c83f99e00162ec.jpg,T
J29_jpg.rf.f41e0665f17e42f072701c019565bb7f.jpg,J
G17_jpg.rf.f381273d4c4315212c697855534e36d6.jpg,G
Z28_jpg.rf.f3845fc7a529d60d5878d98a8a46781d.jpg,Z
C8_jpg.rf.f52ac54661d0cc965570c6581f768ffb.jpg,C
L16_jpg.rf.f4cfa21819dba119681069bd578a9ee1.jpg,L
D4_jpg.rf.f4ef8d3c0ff588c50ce095f206d20b99.jpg,D
I0_jpg.rf.f54362266f706b4aed27504c6581b8e0.jpg,I
R1_jpg.rf.f5b2b46a4d7a0e7923cd62987edf07ae.jpg,R
B13_jpg.rf.f57c9466c18d5e575acaafe326096478.jpg,B
W1_jpg.rf.f58dabb4bfc08190ea08b63bd72e6849.jpg,W
E2_jpg.rf.f5c34160c50765040632845876f03dc9.jpg,E
D26_jpg.rf.f5d3c82d0ace4b6e255e2df3b924fe76.jpg,D
V5_jpg.rf.f61b9df02722cf9ac89cd65f582e4069.jpg,V
V13_jpg.rf.f68f9656a23c6a9fa4402d1e01f2696c.jpg,V
G17_jpg.rf.f6962a9c3f1184f4ae27105a2faa805f.jpg,G
J2_jpg.rf.f6e5626116ae40d6e0ec2e85e6971646.jpg,J
A26_jpg.rf.f6ef3e5bd61b99724a5bd52a8bd71a9f.jpg,A
F7_jpg.rf.f6f792e8e4e72cb236acbef4fa94fe76.jpg,F
Q15_jpg.rf.f6ff52e539d0c927bc358d9fdd844857.jpg,Q
I6_jpg.rf.f7298af8bb64633d55d34d30a8956296.jpg,I
Y24_jpg.rf.f709576840a8869762c9229ab9da422a.jpg,Y
F1_jpg.rf.f758f32cb0632d711577bbf7dd0797f3.jpg,F
G12_jpg.rf.f77b63ee01095f0efd64a567048192ff.jpg,G
N5_jpg.rf.f79130004862195db416f6cdcf584a27.jpg,N
J3_jpg.rf.f7a187e59859b6e80d6fe61095c59c08.jpg,J
X7_jpg.rf.f79c34a6387cb1234b2ef435f6970752.jpg,X
X21_jpg.rf.f7dcb8c4df1b628a748a0552457fdaf5.jpg,X
Y16_jpg.rf.f88141a53950c838940912dcb3f65de0.jpg,Y
Z19_jpg.rf.f7f85dbd2e22f4e7415454a80e2cd51e.jpg,Z
X3_jpg.rf.f8023702c81872d8f76d408e989d4ba8.jpg,X
S24_jpg.rf.f8b1a050d76003e6e8479fd3447787c6.jpg,S
I1_jpg.rf.f8b45bd33f418a6f850b27a292db93be.jpg,I
K18_jpg.rf.f930225eb54c4a878d3aa1592e253aa4.jpg,K
E19_jpg.rf.f9ccc5ec73209f6eecaca429420f30c3.jpg,E
E14_jpg.rf.fb5d06769bdb07178e6e3df3a3b63d88.jpg,E
A24_jpg.rf.fab8f98ae5634a08834a054ca706efec.jpg,A
G0_jpg.rf.fadb849a3fc1908fbf78c40baae2c61f.jpg,G
V8_jpg.rf.faeb9cac446597cb90d3597b3ed53ae8.jpg,V
R13_jpg.rf.fb676b39dfddb47b1161a377a1b5c616.jpg,R
Z25_jpg.rf.fbf575e280796d678ab8a4027d9a42b9.jpg,Z
T0_jpg.rf.fb829f844b8e5ccfaf9a14d4710c67ee.jpg,T
U20_jpg.rf.fb96046df59e2414e674582dc9c63583.jpg,U
X2_jpg.rf.fcd66bb5c1443f31ad2b56e44725a9bd.jpg,X
A21_jpg.rf.fd2750bdaf5dd91c308481964c85e985.jpg,A
Q14_jpg.rf.fcec5d4c1c36df5e8f3de38d4f7fdcb5.jpg,Q
K22_jpg.rf.fd450e9793f7eee767b95462a1c5a1c6.jpg,K
S12_jpg.rf.fe460cc814b0f47b9700993518b9130b.jpg,S
P5_jpg.rf.fe60919af5b5f73c21122d0cb7cf6092.jpg,P
F26_jpg.rf.fe466776eeab5aece3ac0076fb3d0540.jpg,F
Y9_jpg.rf.fe9c63458e0f5a64a7116a6a6b76405f.jpg,Y
O16_jpg.rf.feb5c92d910c1c918c234c26dfd7a102.jpg,O
C8_jpg.rf.ff0486d68a896bb9b648d42f6beef136.jpg,C
V1_jpg.rf.ff213cfdd31a9b708ea3dc13fbb66bf0.jpg,V
A11_jpg.rf.ff2610c21c7f6d0a793cb58efc3bd96e.jpg,A
G15_jpg.rf.ff09e2ae46cb50c329c7be9075b01879.jpg,G
J3_jpg.rf.ff86dc5a870f1eadf471751c7fe11941.jpg,J
C14_jpg.rf.ff63309f35ce9f8a7b30b006a4181045.jpg,C
A15_jpg.rf.ff648f0ba648df1d2782e75ddea0f9ba.jpg,A
A19_jpg.rf.ffe6b49b3b0683ef4eb235ec6c7eca9e.jpg,A
W20_jpg.rf.fffe2d54b2d00bbad942f6a406503d87.jpg,W
S17_jpg.rf.fff4096dcee5716f16ea8e65ee5ef85d.jpg,S
